InfrastructureID,Segment,Distance,Grass,Herbaceous,Wall,Shrub,Canopy,Layers,Avarage of layers,
RV-VSMPE-1,1,0,0,1,0,0,1,2,1.3125,
RV-VSMPE-1,1,10,1,0,0,0,0,1,,
RV-VSMPE-1,1,20,0,0,0,0,0,0,,
RV-VSMPE-1,1,30,0,0,0,0,0,0,,
RV-VSMPE-1,1,40,0,0,0,0,0,0,,
RV-VSMPE-1,1,50,0,0,0,0,0,0,,
RV-VSMPE-1,2,0,0,1,0,0,0,1,,
RV-VSMPE-1,2,10,0,1,1,0,0,2,,
RV-VSMPE-1,2,20,0,1,1,0,0,2,,
RV-VSMPE-1,2,30,0,1,0,0,0,1,,
RV-VSMPE-1,2,40,1,0,0,0,1,2,,
RV-VSMPE-1,2,50,0,0,0,0,1,1,,
RV-VSMPE-1,2,60,0,0,0,0,0,0,,
RV-VSMPE-1,2,70,0,0,0,0,0,0,,
RV-VSMPE-1,2,80,0,1,0,0,0,1,,
RV-VSMPE-1,2,90,0,1,0,0,0,1,,
RV-VSMPE-1,2,100,0,1,1,0,0,2,,
RV-VSMPE-1,2,110,0,1,0,0,0,1,,
RV-VSMPE-1,2,120,0,0,0,0,0,0,,
RV-VSMPE-1,2,130,0,1,0,0,0,1,,
RV-VSMPE-1,2,140,0,1,1,1,0,3,,
RV-VSMPE-1,2,150,0,1,0,1,1,3,,
RV-VSMPE-1,2,160,1,0,1,0,0,2,,
RV-VSMPE-1,2,170,0,1,1,0,0,2,,
RV-VSMPE-1,2,180,1,0,0,0,0,1,,
RV-VSMPE-1,2,184,0,0,0,0,0,0,,
RV-VSMPE-1,3,0,0,1,1,0,1,3,,
RV-VSMPE-1,3,10,0,1,1,0,0,2,,
RV-VSMPE-1,3,20,0,1,1,1,0,3,,
RV-VSMPE-1,3,30,0,1,0,1,0,2,,
RV-VSMPE-1,3,40,0,1,0,0,0,1,,
RV-VSMPE-1,3,50,1,0,0,0,1,2,,
RV-VSMPE-2,1,0,1,1,1,0,0,3,2.807692308,
RV-VSMPE-2,1,10,1,0,0,0,1,2,,
RV-VSMPE-2,1,20,0,1,1,1,1,4,,
RV-VSMPE-2,1,26.8,0,1,1,1,1,4,,
RV-VSMPE-2,2,0,0,1,1,1,1,4,,
RV-VSMPE-2,2,10,0,1,1,1,1,4,,
RV-VSMPE-2,2,20,0,1,0,1,1,3,,
RV-VSMPE-2,2,30,0,1,1,1,1,4,,
RV-VSMPE-2,2,40,0,1,1,1,1,4,,
RV-VSMPE-2,2,50,0,1,1,1,1,4,,
RV-VSMPE-2,2,60,1,1,1,1,0,4,,
RV-VSMPE-2,2,70,1,1,1,0,0,3,,
RV-VSMPE-2,2,80,1,1,0,0,0,2,,
RV-VSMPE-2,2,90,1,1,1,0,0,3,,
RV-VSMPE-2,2,100,1,1,0,0,0,2,,
RV-VSMPE-2,2,110,1,1,0,0,0,2,,
RV-VSMPE-2,2,120,1,1,1,0,0,3,,
RV-VSMPE-2,2,130,1,1,1,0,0,3,,
RV-VSMPE-2,2,140,1,1,0,0,0,2,,
RV-VSMPE-2,2,150,0,1,0,0,0,1,,
RV-VSMPE-2,2,160,0,1,0,0,1,2,,
RV-VSMPE-2,2,164.3,0,1,0,1,1,3,,
RV-VSMPE-2,3,0,0,1,0,1,1,3,,
RV-VSMPE-2,3,10,0,1,0,1,0,2,,
RV-VSMPE-2,3,20,0,1,0,0,0,1,,
RV-VSMPE-2,3,28,0,0,0,0,1,1,,
RV-VSMPE-10,1,0,1,1,0,0,0,2,2.071428571,
RV-VSMPE-10,1,10,0,1,1,0,0,2,,
RV-VSMPE-10,1,20,1,0,0,0,1,2,,
RV-VSMPE-10,1,28.3,1,0,0,0,0,1,,
RV-VSMPE-10,2,0,1,1,0,1,0,3,,
RV-VSMPE-10,2,10,1,0,0,1,0,2,,
RV-VSMPE-10,2,20,1,1,0,0,0,2,,
RV-VSMPE-10,2,30,0,1,0,1,1,3,,
RV-VSMPE-10,2,40,1,1,0,0,0,2,,
RV-VSMPE-10,2,50,1,1,1,0,0,3,,
RV-VSMPE-10,2,60,1,1,1,1,0,4,,
RV-VSMPE-10,2,70,1,1,0,0,0,2,,
RV-VSMPE-10,2,80,1,0,1,0,0,2,,
RV-VSMPE-10,2,90,1,1,0,0,0,2,,
RV-VSMPE-10,2,100,1,1,1,1,0,4,,
RV-VSMPE-10,2,110,1,1,0,0,0,2,,
RV-VSMPE-10,2,120,1,1,0,1,0,3,,
RV-VSMPE-10,2,130,1,0,0,1,0,2,,
RV-VSMPE-10,2,140,1,1,0,0,0,2,,
RV-VSMPE-10,2,150,1,1,0,0,0,2,,
RV-VSMPE-10,2,160,1,0,0,0,0,1,,
RV-VSMPE-10,2,170,0,1,0,0,0,1,,
RV-VSMPE-10,2,180,1,1,0,0,0,2,,
RV-VSMPE-10,2,182,1,1,0,0,0,2,,
RV-VSMPE-10,3,0,0,1,0,0,0,1,,
RV-VSMPE-10,3,10,1,0,0,1,0,2,,
RV-VSMPE-10,3,20,0,0,1,1,0,2,,
RV-VSMPE-10,3,28.5,0,0,0,0,0,0,,
RV-VSMPE-6,1,0,0,1,0,0,0,1,1.909090909,
RV-VSMPE-6,1,10,0,0,0,0,0,0,,
RV-VSMPE-6,1,20,0,0,0,0,1,1,,
RV-VSMPE-6,1,23.4,0,1,0,0,1,2,,
RV-VSMPE-6,2,0,0,0,0,0,1,1,,
RV-VSMPE-6,2,10,0,1,1,0,1,3,,
RV-VSMPE-6,2,20,0,1,0,1,1,3,,
RV-VSMPE-6,2,30,0,1,1,1,0,3,,
RV-VSMPE-6,2,40,0,1,1,0,1,3,,
RV-VSMPE-6,2,50,0,1,1,0,0,2,,
RV-VSMPE-6,2,60,0,0,0,1,0,1,,
RV-VSMPE-6,2,70,0,1,0,1,0,2,,
RV-VSMPE-6,2,80,0,1,1,0,1,3,,
RV-VSMPE-6,2,90,0,1,1,0,1,3,,
RV-VSMPE-6,2,100,0,1,1,1,1,4,,
RV-VSMPE-6,2,110,0,1,1,0,1,3,,
RV-VSMPE-6,2,120,0,1,1,1,1,4,,
RV-VSMPE-6,2,130,0,1,1,1,0,3,,
RV-VSMPE-6,2,140,0,1,0,0,0,1,,
RV-VSMPE-6,2,150,0,1,1,0,0,2,,
RV-VSMPE-6,2,160,0,0,0,1,1,2,,
RV-VSMPE-6,2,170,0,1,0,1,1,3,,
RV-VSMPE-6,2,180,0,1,0,1,0,2,,
RV-VSMPE-6,2,190,1,0,0,0,0,1,,
RV-VSMPE-6,2,200,0,1,0,0,0,1,,
RV-VSMPE-6,2,210,0,1,0,0,0,1,,
RV-VSMPE-6,2,220,0,0,0,1,0,1,,
RV-VSMPE-6,2,230,0,1,1,0,0,2,,
RV-VSMPE-6,2,239.2,0,1,1,0,0,2,,
RV-VSMPE-6,3,0,0,1,0,0,0,1,,
RV-VSMPE-6,3,10,0,0,1,0,0,1,,
RV-VSMPE-6,3,20,0,0,0,0,0,0,,
RV-VSMPE-6,3,27,0,1,0,0,0,1,,
RV-VSMPE-8,1,0,0,0,0,0,0,0,2.28125,
RV-VSMPE-8,1,10,0,1,0,0,0,1,,
RV-VSMPE-8,1,20,0,0,0,0,0,0,,
RV-VSMPE-8,1,26.5,0,1,1,1,0,3,,
RV-VSMPE-8,2,0,0,1,0,0,0,1,,
RV-VSMPE-8,2,10,1,1,0,1,0,3,,
RV-VSMPE-8,2,20,0,1,0,0,0,1,,
RV-VSMPE-8,2,30,0,1,1,0,1,3,,
RV-VSMPE-8,2,40,0,1,1,1,1,4,,
RV-VSMPE-8,2,50,0,1,0,0,0,1,,
RV-VSMPE-8,2,60,0,1,1,0,0,2,,
RV-VSMPE-8,2,70,0,1,1,1,0,3,,
RV-VSMPE-8,2,80,0,1,0,0,1,2,,
RV-VSMPE-8,2,90,0,1,1,1,1,4,,
RV-VSMPE-8,2,100,0,1,1,1,0,3,,
RV-VSMPE-8,2,110,1,1,0,0,1,3,,
RV-VSMPE-8,2,120,1,1,1,0,0,3,,
RV-VSMPE-8,2,130,1,1,1,0,1,4,,
RV-VSMPE-8,2,140,1,1,1,1,0,4,,
RV-VSMPE-8,2,150,1,1,1,0,0,3,,
RV-VSMPE-8,2,160,1,1,1,1,1,5,,
RV-VSMPE-8,2,170,0,1,0,0,1,2,,
RV-VSMPE-8,2,180,1,1,1,0,1,4,,
RV-VSMPE-8,2,190,0,1,0,0,1,2,,
RV-VSMPE-8,2,200,1,1,0,0,0,2,,
RV-VSMPE-8,2,210,0,1,1,1,0,3,,
RV-VSMPE-8,2,220,0,1,0,0,1,2,,
RV-VSMPE-8,2,230,0,1,0,1,0,2,,
RV-VSMPE-8,3,0,0,1,0,0,0,1,,
RV-VSMPE-8,3,10,0,1,0,1,0,2,,
RV-VSMPE-8,3,20,0,0,0,0,0,0,,
RV-VSMPE-8,3,24.2,0,0,0,0,0,0,,
RV-VSMPE-4,1,0,0,0,0,0,0,0,1.352941176,
RV-VSMPE-4,1,10,1,0,0,0,0,1,,
RV-VSMPE-4,1,20,0,0,0,0,0,0,,
RV-VSMPE-4,1,30,0,0,0,0,0,0,,
RV-VSMPE-4,1,40,0,0,0,0,0,0,,
RV-VSMPE-4,2,0,0,1,0,0,0,1,,
RV-VSMPE-4,2,10,1,1,1,0,0,3,,
RV-VSMPE-4,2,20,1,0,0,0,0,1,,
RV-VSMPE-4,2,30,0,1,1,1,1,4,,
RV-VSMPE-4,2,40,1,1,0,0,0,2,,
RV-VSMPE-4,2,50,0,0,0,0,1,1,,
RV-VSMPE-4,2,60,0,0,0,0,1,1,,
RV-VSMPE-4,2,70,1,1,0,0,0,2,,
RV-VSMPE-4,2,80,0,1,1,1,0,3,,
RV-VSMPE-4,2,90,0,1,0,0,0,1,,
RV-VSMPE-4,2,100,0,1,1,0,1,3,,
RV-VSMPE-4,2,110,0,1,0,0,0,1,,
RV-VSMPE-4,2,120,0,1,0,0,0,1,,
RV-VSMPE-4,2,130,0,1,0,0,0,1,,
RV-VSMPE-4,2,140,0,1,0,0,0,1,,
RV-VSMPE-4,2,150,1,0,0,0,0,1,,
RV-VSMPE-4,2,160,0,1,1,0,0,2,,
RV-VSMPE-4,2,170,0,1,0,0,1,2,,
RV-VSMPE-4,2,180,0,1,1,0,1,3,,
RV-VSMPE-4,2,190,0,1,1,0,0,2,,
RV-VSMPE-4,2,200,0,1,0,0,0,1,,
RV-VSMPE-4,2,210,1,0,0,0,0,1,,
RV-VSMPE-4,2,220,0,1,1,0,0,2,,
RV-VSMPE-4,2,230,0,1,0,0,0,1,,
RV-VSMPE-4,3,0,0,1,0,0,0,1,,
RV-VSMPE-4,3,10,0,1,0,0,0,1,,
RV-VSMPE-4,3,20,0,0,0,0,0,0,,
RV-VSMPE-4,3,30,0,1,0,0,0,1,,
RV-VSMPE-4,3,40,1,0,0,0,0,1,,
RV-VSMPE-3,1,0,0,1,0,0,0,1,1.5,
RV-VSMPE-3,1,10,0,0,0,0,0,0,,
RV-VSMPE-3,1,20,0,0,0,0,0,0,,
RV-VSMPE-3,1,26,0,0,0,0,0,0,,
RV-VSMPE-3,2,0,0,0,0,0,0,0,,
RV-VSMPE-3,2,10,0,0,0,0,0,0,,
RV-VSMPE-3,2,20,0,0,0,0,0,0,,
RV-VSMPE-3,2,30,1,1,1,0,1,4,,
RV-VSMPE-3,2,40,1,1,0,0,1,3,,
RV-VSMPE-3,2,50,1,1,0,0,0,2,,
RV-VSMPE-3,2,60,1,1,0,0,0,2,,
RV-VSMPE-3,2,70,1,1,1,0,0,3,,
RV-VSMPE-3,2,80,1,0,0,1,1,3,,
RV-VSMPE-3,2,90,1,1,0,1,1,4,,
RV-VSMPE-3,2,100,0,1,0,1,0,2,,
RV-VSMPE-3,2,106,0,0,0,0,0,0,,
RV-VSMPE-7,1,0,0,0,0,1,0,1,1.137931034,
RV-VSMPE-7,1,10,0,1,0,0,0,1,,
RV-VSMPE-7,1,20,0,0,0,0,0,0,,
RV-VSMPE-7,1,28.5,0,0,0,0,0,0,,
RV-VSMPE-7,2,0,0,1,0,0,0,1,,
RV-VSMPE-7,2,10,0,0,0,0,0,0,,
RV-VSMPE-7,2,20,0,0,0,0,0,0,,
RV-VSMPE-7,2,30,0,0,0,0,0,0,,
RV-VSMPE-7,2,40,0,0,0,0,0,0,,
RV-VSMPE-7,2,50,0,0,0,0,0,0,,
RV-VSMPE-7,2,60,0,1,0,1,0,2,,
RV-VSMPE-7,2,70,1,0,0,0,0,1,,
RV-VSMPE-7,2,80,0,1,0,0,0,1,,
RV-VSMPE-7,2,90,1,1,1,0,0,3,,
RV-VSMPE-7,2,100,0,1,1,1,1,4,,
RV-VSMPE-7,2,110,0,1,1,0,1,3,,
RV-VSMPE-7,2,120,0,1,1,0,1,3,,
RV-VSMPE-7,2,130,0,1,0,1,1,3,,
RV-VSMPE-7,2,140,0,1,0,0,0,1,,
RV-VSMPE-7,2,150,1,0,0,0,0,1,,
RV-VSMPE-7,2,160,0,1,0,0,0,1,,
RV-VSMPE-7,2,170,0,0,0,0,0,0,,
RV-VSMPE-7,2,180,0,0,1,1,0,2,,
RV-VSMPE-7,2,188.5,0,0,0,1,0,1,,
RV-VSMPE-7,3,0,0,0,0,0,0,0,,
RV-VSMPE-7,3,10,0,0,0,1,0,1,,
RV-VSMPE-7,3,20,0,0,0,0,0,0,,
RV-VSMPE-7,3,30,0,0,1,0,0,1,,
RV-VSMPE-7,3,38,0,1,0,1,0,2,,
RV-VSMPE-9,1,0,0,0,0,0,0,0,1.028571429,
RV-VSMPE-9,1,10,0,0,0,0,0,0,,
RV-VSMPE-9,1,20,0,0,0,0,0,0,,
RV-VSMPE-9,1,25.5,0,1,0,0,0,1,,
RV-VSMPE-9,2,0,0,1,0,0,0,1,,
RV-VSMPE-9,2,10,0,0,0,0,0,0,,
RV-VSMPE-9,2,19,0,1,0,0,0,1,,
RV-VSMPE-9,3,0,0,1,0,0,0,1,,
RV-VSMPE-9,3,10,0,0,0,0,0,0,,
RV-VSMPE-9,3,20,0,0,0,0,0,0,,
RV-VSMPE-9,3,30,0,1,0,0,0,1,,
RV-VSMPE-9,3,40,0,0,0,0,0,0,,
RV-VSMPE-9,3,50,0,1,0,0,0,1,,
RV-VSMPE-9,3,60,0,0,0,1,0,1,,
RV-VSMPE-9,3,70,0,1,1,0,0,2,,
RV-VSMPE-9,3,80,0,1,1,0,0,2,,
RV-VSMPE-9,3,90,0,0,0,0,0,0,,
RV-VSMPE-9,3,100,0,1,1,0,0,2,,
RV-VSMPE-9,3,110,0,0,1,0,1,2,,
RV-VSMPE-9,3,120,0,0,0,0,1,1,,
RV-VSMPE-9,3,130,0,1,1,1,1,4,,
RV-VSMPE-9,3,140,0,1,1,0,1,3,,
RV-VSMPE-9,3,150,0,0,1,0,1,2,,
RV-VSMPE-9,3,160,0,1,0,0,1,2,,
RV-VSMPE-9,3,170,0,0,0,1,1,2,,
RV-VSMPE-9,3,180,0,0,0,0,1,1,,
RV-VSMPE-9,3,190,0,0,0,0,0,0,,
RV-VSMPE-9,3,200,1,0,0,0,1,2,,
RV-VSMPE-9,3,210,0,0,0,0,1,1,,
RV-VSMPE-9,3,212,0,0,0,0,1,1,,
RV-VSMPE-9,4,0,0,0,0,0,0,0,,
RV-VSMPE-9,4,10,0,0,0,0,0,0,,
RV-VSMPE-9,4,20,0,0,0,0,1,1,,
RV-VSMPE-9,4,30,0,0,0,0,1,1,,
RV-VSMPE-9,4,35.3,0,0,0,0,0,0,,
RV-VSMPE-5,1,0,0,1,0,0,0,1,0.6829268293,
RV-VSMPE-5,1,10,0,0,0,0,0,0,,
RV-VSMPE-5,1,20,0,1,0,1,0,2,,
RV-VSMPE-5,1,30,0,1,0,0,0,1,,
RV-VSMPE-5,1,40,0,0,0,0,0,0,,
RV-VSMPE-5,1,50,0,0,0,0,0,0,,
RV-VSMPE-5,1,60,0,0,0,0,0,0,,
RV-VSMPE-5,1,67,0,0,0,0,0,0,,
RV-VSMPE-5,2,0,0,0,0,0,0,0,,
RV-VSMPE-5,2,10,0,0,0,0,0,0,,
RV-VSMPE-5,2,20,0,0,0,0,0,0,,
RV-VSMPE-5,2,30,0,0,0,0,0,0,,
RV-VSMPE-5,2,40,0,0,0,0,0,0,,
RV-VSMPE-5,2,50,0,0,0,0,0,0,,
RV-VSMPE-5,2,60,0,0,0,0,0,0,,
RV-VSMPE-5,2,70,0,0,0,0,0,0,,
RV-VSMPE-5,2,80,0,0,0,0,0,0,,
RV-VSMPE-5,2,90,0,1,0,0,0,1,,
RV-VSMPE-5,2,100,0,0,0,0,0,0,,
RV-VSMPE-5,2,110,0,0,0,0,0,0,,
RV-VSMPE-5,2,120,0,0,0,0,0,0,,
RV-VSMPE-5,2,130,0,1,0,0,0,1,,
RV-VSMPE-5,2,140,0,1,0,0,0,1,,
RV-VSMPE-5,2,150,0,0,1,0,1,2,,
RV-VSMPE-5,2,160,0,0,1,1,0,2,,
RV-VSMPE-5,2,170,0,1,1,0,0,2,,
RV-VSMPE-5,2,180,0,0,0,0,0,0,,
RV-VSMPE-5,2,190,0,1,1,0,0,2,,
RV-VSMPE-5,2,200,1,1,0,0,1,3,,
RV-VSMPE-5,2,210,0,1,0,0,0,1,,
RV-VSMPE-5,2,220,0,1,1,0,0,2,,
RV-VSMPE-5,2,230,0,0,0,0,1,1,,
RV-VSMPE-5,2,240,0,0,0,1,0,1,,
RV-VSMPE-5,2,250,0,0,0,1,0,1,,
RV-VSMPE-5,2,260,0,0,0,1,0,1,,
RV-VSMPE-5,2,270,0,0,0,0,0,0,,
RV-VSMPE-5,2,280,0,0,0,0,0,0,,
RV-VSMPE-5,2,286,0,1,0,0,0,1,,
RV-VSMPE-5,3,0,0,0,0,0,0,0,,
RV-VSMPE-5,3,10,0,1,0,0,0,1,,
RV-VSMPE-5,3,14.9,1,0,0,0,0,1,,
RV-VSMPE-33,1,0,0,0,0,0,0,0,0.9583333333,
RV-VSMPE-33,1,10,0,1,0,0,0,1,,
RV-VSMPE-33,1,20,0,1,0,0,0,1,,
RV-VSMPE-33,1,30,0,1,0,0,0,1,,
RV-VSMPE-33,1,40,0,0,0,0,0,0,,
RV-VSMPE-33,1,50,0,0,0,0,1,1,,
RV-VSMPE-33,1,60,0,0,0,0,1,1,,
RV-VSMPE-33,1,70,0,1,0,1,1,3,,
RV-VSMPE-33,1,80,0,0,0,0,0,0,,
RV-VSMPE-33,1,90,0,0,0,0,1,1,,
RV-VSMPE-33,1,100,0,0,0,0,0,0,,
RV-VSMPE-33,1,110,0,1,1,0,1,3,,
RV-VSMPE-33,1,120,0,0,0,0,1,1,,
RV-VSMPE-33,1,130,0,0,1,0,0,1,,
RV-VSMPE-33,1,140,0,0,0,0,0,0,,
RV-VSMPE-33,1,150,0,1,1,1,0,3,,
RV-VSMPE-33,1,160,0,0,0,0,1,1,,
RV-VSMPE-33,1,170,0,0,0,0,1,1,,
RV-VSMPE-33,1,180,0,1,0,0,1,2,,
RV-VSMPE-33,1,190,0,0,0,0,0,0,,
RV-VSMPE-33,1,200,0,0,0,0,1,1,,
RV-VSMPE-33,1,210,0,0,0,0,1,1,,
RV-VSMPE-33,1,220,0,0,0,0,0,0,,
RV-VSMPE-33,1,221.5,0,0,0,0,0,0,,
RV-VSMPE-39,1,0,0,0,0,0,0,0,2.047619048,
RV-VSMPE-39,1,10,0,1,0,0,0,1,,
RV-VSMPE-39,1,20,0,0,0,1,0,1,,
RV-VSMPE-39,1,30,0,1,1,0,0,2,,
RV-VSMPE-39,1,40,0,1,1,0,0,2,,
RV-VSMPE-39,1,50,0,1,0,1,1,3,,
RV-VSMPE-39,1,60,0,1,1,0,1,3,,
RV-VSMPE-39,1,70,0,1,1,1,0,3,,
RV-VSMPE-39,1,80,0,1,1,0,0,2,,
RV-VSMPE-39,1,90,0,1,0,1,1,3,,
RV-VSMPE-39,1,100,0,0,0,1,0,1,,
RV-VSMPE-39,1,110,0,1,1,1,1,4,,
RV-VSMPE-39,1,120,0,1,1,0,1,3,,
RV-VSMPE-39,1,130,0,1,1,1,1,4,,
RV-VSMPE-39,1,140,0,1,1,1,0,3,,
RV-VSMPE-39,1,150,0,1,1,0,0,2,,
RV-VSMPE-39,1,160,0,0,0,0,0,0,,
RV-VSMPE-39,2,0,0,1,0,1,0,2,,
RV-VSMPE-39,2,10,0,1,0,1,0,2,,
RV-VSMPE-39,2,20,0,0,0,1,0,1,,
RV-VSMPE-39,2,24.6,0,1,0,0,0,1,,
RV-VSMPE-35,1,0,0,1,1,0,0,2,1.857142857,
RV-VSMPE-35,1,10,0,1,1,0,1,3,,
RV-VSMPE-35,1,20,0,1,1,0,1,3,,
RV-VSMPE-35,1,30,0,0,0,0,0,0,,
RV-VSMPE-35,1,40,0,0,0,0,1,1,,
RV-VSMPE-35,1,50,0,0,0,0,1,1,,
RV-VSMPE-35,1,58,0,1,1,0,1,3,,
RV-VSMPE-37,1,0,0,0,0,0,0,0,0.5714285714,
RV-VSMPE-37,1,10,0,0,0,0,0,0,,
RV-VSMPE-37,1,20,0,0,1,0,0,1,,
RV-VSMPE-37,1,30,0,1,0,1,0,2,,
RV-VSMPE-37,1,40,0,0,0,0,0,0,,
RV-VSMPE-37,1,50,0,0,1,0,0,1,,
RV-VSMPE-37,1,60,0,0,0,0,0,0,,
RV-VSMPE-27,1,0,0,0,0,0,0,0,1.4,
RV-VSMPE-27,1,10,0,0,0,0,0,0,,
RV-VSMPE-27,1,20,0,0,0,1,1,2,,
RV-VSMPE-27,1,30,0,0,0,0,0,0,,
RV-VSMPE-27,1,40,0,0,0,0,0,0,,
RV-VSMPE-27,1,50,0,0,1,1,0,2,,
RV-VSMPE-27,1,60,0,1,0,0,0,1,,
RV-VSMPE-27,1,70,0,0,1,0,1,2,,
RV-VSMPE-27,1,80,0,0,0,0,1,1,,
RV-VSMPE-27,1,90,0,0,1,0,0,1,,
RV-VSMPE-27,1,100,0,1,1,0,0,2,,
RV-VSMPE-27,1,105.5,0,1,0,1,1,3,,
RV-VSMPE-27,2,0,0,1,0,1,0,2,,
RV-VSMPE-27,2,10,1,1,1,0,0,3,,
RV-VSMPE-27,2,20,0,1,1,0,0,2,,
RV-VSMPE-28,1,0,0,0,0,1,0,1,1.3,
RV-VSMPE-28,1,10,0,1,0,0,0,1,,
RV-VSMPE-28,1,20,0,0,0,0,1,1,,
RV-VSMPE-28,1,30,0,0,0,0,0,0,,
RV-VSMPE-28,1,40,0,0,1,0,1,2,,
RV-VSMPE-28,1,49.4,0,0,0,0,1,1,,
RV-VSMPE-28,2,0,0,0,0,0,0,0,,
RV-VSMPE-28,2,10,0,0,0,0,1,1,,
RV-VSMPE-28,2,20,0,0,1,0,0,1,,
RV-VSMPE-28,2,30,0,0,0,0,1,1,,
RV-VSMPE-28,2,40,0,0,0,0,1,1,,
RV-VSMPE-28,2,50,0,0,0,0,0,0,,
RV-VSMPE-28,2,60,0,1,1,0,0,2,,
RV-VSMPE-28,2,70,0,1,1,0,1,3,,
RV-VSMPE-28,2,80,0,1,0,0,0,1,,
RV-VSMPE-28,2,90,0,1,0,0,0,1,,
RV-VSMPE-28,2,100,0,0,0,0,0,0,,
RV-VSMPE-28,2,110,0,1,1,0,1,3,,
RV-VSMPE-28,2,120,0,0,0,0,1,1,,
RV-VSMPE-28,2,130,0,1,1,0,0,2,,
RV-VSMPE-28,2,140,0,0,1,0,1,2,,
RV-VSMPE-28,2,150,0,0,1,0,1,2,,
RV-VSMPE-28,2,160,0,0,1,0,1,2,,
RV-VSMPE-28,2,170,0,0,1,1,1,3,,
RV-VSMPE-28,2,180,0,1,0,0,0,1,,
RV-VSMPE-28,2,190,0,0,0,0,0,0,,
RV-VSMPE-28,2,200,0,0,1,0,1,2,,
RV-VSMPE-28,2,210,0,0,1,0,0,1,,
RV-VSMPE-28,2,220,0,1,1,0,1,3,,
RV-VSMPE-28,2,226,0,0,0,0,0,0,,
RV-VSMPE-23,1,0,0,0,0,0,0,0,1.44,
RV-VSMPE-23,1,10,0,1,1,0,0,2,,
RV-VSMPE-23,1,20,0,1,0,0,0,1,,
RV-VSMPE-23,1,30,0,0,1,0,0,1,,
RV-VSMPE-23,1,40,1,0,0,0,1,2,,
RV-VSMPE-23,1,50,0,0,0,0,0,0,,
RV-VSMPE-23,1,60,0,0,0,0,0,0,,
RV-VSMPE-23,1,70,0,1,0,0,0,1,,
RV-VSMPE-23,1,80,0,1,0,0,0,1,,
RV-VSMPE-23,1,90,0,1,1,0,1,3,,
RV-VSMPE-23,1,100,0,0,1,0,1,2,,
RV-VSMPE-23,1,110,0,1,1,0,1,3,,
RV-VSMPE-23,1,120,0,1,1,0,0,2,,
RV-VSMPE-23,1,130,0,1,1,0,1,3,,
RV-VSMPE-23,1,140,0,0,1,0,1,2,,
RV-VSMPE-23,1,150,0,1,1,0,0,2,,
RV-VSMPE-23,1,160,0,1,1,0,0,2,,
RV-VSMPE-23,1,170,0,1,0,0,0,1,,
RV-VSMPE-23,1,180,0,1,0,0,0,1,,
RV-VSMPE-23,1,190,0,1,1,0,0,2,,
RV-VSMPE-23,1,200,0,1,0,0,0,1,,
RV-VSMPE-23,1,210,0,1,0,0,0,1,,
RV-VSMPE-23,1,220,0,1,0,0,0,1,,
RV-VSMPE-23,1,230,0,1,0,0,0,1,,
RV-VSMPE-23,1,238,0,1,0,0,0,1,,
RV-VSMPE-36,1,0,0,1,1,0,0,2,1.48,
RV-VSMPE-36,1,10,0,0,0,0,1,1,,
RV-VSMPE-36,1,20,0,1,0,0,1,2,,
RV-VSMPE-36,1,30,0,1,0,0,1,2,,
RV-VSMPE-36,1,40,0,1,1,0,0,2,,
RV-VSMPE-36,1,50,0,0,0,0,0,0,,
RV-VSMPE-36,1,60,0,1,1,0,1,3,,
RV-VSMPE-36,1,70,0,1,0,0,1,2,,
RV-VSMPE-36,1,80,0,1,0,0,0,1,,
RV-VSMPE-36,1,90,0,0,0,0,0,0,,
RV-VSMPE-36,1,100,0,1,1,0,0,2,,
RV-VSMPE-36,1,110,0,1,1,0,1,3,,
RV-VSMPE-36,1,120,0,0,1,0,1,2,,
RV-VSMPE-36,1,130,0,1,1,0,0,2,,
RV-VSMPE-36,1,140,0,1,1,0,1,3,,
RV-VSMPE-36,1,150,0,0,1,0,1,2,,
RV-VSMPE-36,1,160,0,0,1,0,1,2,,
RV-VSMPE-36,1,170,0,0,1,0,0,1,,
RV-VSMPE-36,1,180,0,0,0,0,0,0,,
RV-VSMPE-36,1,190,0,1,0,0,0,1,,
RV-VSMPE-36,1,200,0,0,0,0,0,0,,
RV-VSMPE-36,1,210,0,1,0,0,0,1,,
RV-VSMPE-36,1,220,0,0,1,0,0,1,,
RV-VSMPE-36,1,230,0,1,1,0,0,2,,
RV-VSMPE-36,1,234,0,0,0,0,0,0,,
RV-VSMPE-34,1,0,0,0,0,0,0,0,1.346153846,
RV-VSMPE-34,1,10,0,0,0,0,0,0,,
RV-VSMPE-34,1,20,0,1,0,0,1,2,,
RV-VSMPE-34,1,30,0,1,0,0,0,1,,
RV-VSMPE-34,1,40,0,1,1,1,0,3,,
RV-VSMPE-34,1,50,0,1,1,0,0,2,,
RV-VSMPE-34,1,60,0,0,1,1,0,2,,
RV-VSMPE-34,1,70,0,0,0,0,0,0,,
RV-VSMPE-34,1,80,0,0,0,1,1,2,,
RV-VSMPE-34,1,90,0,0,0,0,1,1,,
RV-VSMPE-34,1,100,0,0,0,0,1,1,,
RV-VSMPE-34,1,110,0,1,0,0,1,2,,
RV-VSMPE-34,1,120,1,0,0,0,0,1,,
RV-VSMPE-34,1,130,0,1,0,1,1,3,,
RV-VSMPE-34,1,140,0,1,1,1,0,3,,
RV-VSMPE-34,1,150,0,1,0,0,0,1,,
RV-VSMPE-34,1,160,0,0,0,0,0,0,,
RV-VSMPE-34,1,170,0,0,0,0,0,0,,
RV-VSMPE-34,1,180,0,0,0,1,1,2,,
RV-VSMPE-34,1,190,0,1,1,1,1,4,,
RV-VSMPE-34,1,200,0,0,0,0,0,0,,
RV-VSMPE-34,1,210,0,0,1,0,1,2,,
RV-VSMPE-34,1,220,0,0,1,0,0,1,,
RV-VSMPE-34,1,230,0,1,0,0,0,1,,
RV-VSMPE-34,1,240,0,1,0,0,0,1,,
RV-VSMPE-34,1,241.9,0,0,0,0,0,0,,
RV-VSMPE-40,1,0,0,0,0,0,1,1,1.4,
RV-VSMPE-40,1,10,0,1,1,0,1,3,,
RV-VSMPE-40,1,20,0,0,0,0,1,1,,
RV-VSMPE-40,1,30,0,0,0,0,1,1,,
RV-VSMPE-40,1,40,0,0,1,1,1,3,,
RV-VSMPE-40,1,50,0,0,0,0,0,0,,
RV-VSMPE-40,1,60,0,0,0,0,0,0,,
RV-VSMPE-40,1,70,0,1,0,0,1,2,,
RV-VSMPE-40,1,80,0,1,1,0,1,3,,
RV-VSMPE-40,1,90,0,0,0,0,1,1,,
RV-VSMPE-40,1,100,0,0,0,0,1,1,,
RV-VSMPE-40,1,110,0,1,1,0,1,3,,
RV-VSMPE-40,1,120,0,0,0,0,1,1,,
RV-VSMPE-40,1,130,0,1,1,0,1,3,,
RV-VSMPE-40,1,140,0,1,1,1,1,4,,
RV-VSMPE-40,1,150,1,0,0,0,0,1,,
RV-VSMPE-40,1,160,0,1,1,0,0,2,,
RV-VSMPE-40,1,170,0,1,0,0,0,1,,
RV-VSMPE-40,1,178.5,0,0,0,0,0,0,,
RV-VSMPE-40,2,0,0,0,0,0,0,0,,
RV-VSMPE-40,2,10,0,0,0,0,1,1,,
RV-VSMPE-40,2,20,0,0,0,0,1,1,,
RV-VSMPE-40,2,30,0,0,0,0,0,0,,
RV-VSMPE-40,2,40,0,0,0,0,0,0,,
RV-VSMPE-40,2,47.9,0,1,0,0,1,2,,
RV-VSMPE-22,1,0,0,1,0,0,0,1,2.055555556,
RV-VSMPE-22,1,10,0,1,0,1,1,3,,
RV-VSMPE-22,1,20,0,0,0,1,1,2,,
RV-VSMPE-22,1,30,0,1,1,1,1,4,,
RV-VSMPE-22,1,40,0,1,1,1,0,3,,
RV-VSMPE-22,1,50,0,0,0,1,1,2,,
RV-VSMPE-22,1,60,0,1,0,1,0,2,,
RV-VSMPE-22,1,70,0,1,0,0,1,2,,
RV-VSMPE-22,1,80,0,1,1,1,1,4,,
RV-VSMPE-22,1,90,0,1,0,1,1,3,,
RV-VSMPE-22,1,100,0,0,0,0,0,0,,
RV-VSMPE-22,1,110,0,0,0,0,1,1,,
RV-VSMPE-22,1,120,0,1,0,0,1,2,,
RV-VSMPE-22,1,130,0,1,0,1,0,2,,
RV-VSMPE-22,1,140,1,0,0,0,0,1,,
RV-VSMPE-22,1,150,0,1,1,0,0,2,,
RV-VSMPE-22,1,160,0,1,1,0,0,2,,
RV-VSMPE-22,1,167.2,0,0,1,0,0,1,,
RV-VSMPE-30,1,0,0,1,0,1,0,2,2.538461538,
RV-VSMPE-30,1,10,0,0,0,0,0,0,,
RV-VSMPE-30,1,20,0,1,0,1,1,3,,
RV-VSMPE-30,1,30,0,1,1,0,1,3,,
RV-VSMPE-30,1,40,0,1,0,1,1,3,,
RV-VSMPE-30,1,50,0,1,1,0,1,3,,
RV-VSMPE-30,1,60,1,1,1,1,1,5,,
RV-VSMPE-30,1,70,0,1,1,1,0,3,,
RV-VSMPE-30,1,80,0,1,0,1,1,3,,
RV-VSMPE-30,2,0,0,0,0,0,1,1,,
RV-VSMPE-30,2,10,0,1,1,1,0,3,,
RV-VSMPE-30,2,20,0,1,0,1,0,2,,
RV-VSMPE-30,2,26.5,0,1,0,0,1,2,,
RV-VSMPE-26,1,0,0,0,0,0,0,0,1.56,
RV-VSMPE-26,1,10,0,1,1,0,0,2,,
RV-VSMPE-26,1,20,1,1,1,0,0,3,,
RV-VSMPE-26,1,30,0,0,0,0,0,0,,
RV-VSMPE-26,1,40,0,1,0,0,0,1,,
RV-VSMPE-26,1,47.5,0,1,0,0,0,1,,
RV-VSMPE-26,2,0,0,0,1,0,0,1,,
RV-VSMPE-26,2,10,0,0,0,0,0,0,,
RV-VSMPE-26,2,20,0,1,1,0,1,3,,
RV-VSMPE-26,2,30,0,1,1,0,1,3,,
RV-VSMPE-26,2,40,0,1,0,0,1,2,,
RV-VSMPE-26,2,50,0,0,1,1,0,2,,
RV-VSMPE-26,2,60,0,0,1,0,1,2,,
RV-VSMPE-26,2,70,0,1,1,0,1,3,,
RV-VSMPE-26,2,80,0,1,0,0,0,1,,
RV-VSMPE-26,2,90,0,1,0,0,1,2,,
RV-VSMPE-26,2,100,0,1,0,0,1,2,,
RV-VSMPE-26,2,110,0,0,0,0,0,0,,
RV-VSMPE-26,2,120,0,0,1,0,1,2,,
RV-VSMPE-26,2,130,0,1,0,0,0,1,,
RV-VSMPE-26,2,140,0,1,1,0,1,3,,
RV-VSMPE-26,2,150,0,1,0,0,0,1,,
RV-VSMPE-26,2,160,0,0,0,0,0,0,,
RV-VSMPE-26,2,170,0,0,1,0,1,2,,
RV-VSMPE-26,2,176,0,0,0,1,1,2,,
RV-VSMPE-25,1,0,0,0,0,0,0,0,1.470588235,
RV-VSMPE-25,1,10,0,0,0,0,0,0,,
RV-VSMPE-25,1,20,0,1,1,0,1,3,,
RV-VSMPE-25,1,30,0,0,0,0,1,1,,
RV-VSMPE-25,1,40,0,1,0,0,1,2,,
RV-VSMPE-25,1,50,0,1,1,0,0,2,,
RV-VSMPE-25,1,60,0,0,0,1,0,1,,
RV-VSMPE-25,1,70,0,1,0,0,1,2,,
RV-VSMPE-25,1,80,0,1,0,0,0,1,,
RV-VSMPE-25,1,90,0,1,0,0,1,2,,
RV-VSMPE-25,1,100,0,1,1,0,0,2,,
RV-VSMPE-25,1,110,0,1,0,0,1,2,,
RV-VSMPE-25,1,120,0,1,0,0,1,2,,
RV-VSMPE-25,1,130,0,1,0,0,0,1,,
RV-VSMPE-25,1,140,0,1,1,0,1,3,,
RV-VSMPE-25,1,150,0,1,0,0,0,1,,
RV-VSMPE-25,1,160,0,0,0,0,0,0,,
RV-VSMPE-31,1,0,0,1,0,1,0,2,1.5,
RV-VSMPE-31,1,10,0,1,0,0,0,1,,
RV-VSMPE-31,1,20,0,0,0,0,1,1,,
RV-VSMPE-31,1,30,0,1,0,0,0,1,,
RV-VSMPE-31,1,40,0,1,0,0,0,1,,
RV-VSMPE-31,1,50,0,1,1,0,1,3,,
RV-VSMPE-31,1,54,0,1,0,0,1,2,,
RV-VSMPE-31,2,0,0,0,0,0,1,1,,
RV-VSMPE-31,2,10,0,1,0,0,0,1,,
RV-VSMPE-31,2,20,0,1,1,0,0,2,,
RV-VSMPE-21,1,0,1,1,1,0,1,4,2.545454545,
RV-VSMPE-21,1,10,1,1,0,0,0,2,,
RV-VSMPE-21,1,20,1,1,0,1,0,3,,
RV-VSMPE-21,1,30,1,1,0,0,1,3,,
RV-VSMPE-21,1,40,1,1,0,1,0,3,,
RV-VSMPE-21,1,50,1,1,0,0,1,3,,
RV-VSMPE-21,1,55,1,1,0,0,1,3,,
RV-VSMPE-21,2,0,0,1,0,0,0,1,,
RV-VSMPE-21,2,10,0,1,0,0,0,1,,
RV-VSMPE-21,2,20,1,0,0,0,1,2,,
RV-VSMPE-21,2,27,0,1,1,0,1,3,,
RV-VSMPE-18,1,0,0,1,0,0,0,1,1.666666667,
RV-VSMPE-18,1,10,0,1,1,0,0,2,,
RV-VSMPE-18,1,20,0,1,0,1,0,2,,
RV-VSMPE-18,1,30,1,0,0,0,0,1,,
RV-VSMPE-18,1,40,1,0,0,0,0,1,,
RV-VSMPE-18,1,50,0,1,0,1,0,2,,
RV-VSMPE-18,1,60,1,1,0,1,0,3,,
RV-VSMPE-18,1,70,0,1,0,0,0,1,,
RV-VSMPE-18,1,74.3,1,1,0,0,0,2,,
RV-VSMPE-20,1,0,0,0,0,0,0,0,2.111111111,
RV-VSMPE-20,1,10,1,1,1,0,0,3,,
RV-VSMPE-20,1,20,1,1,0,0,0,2,,
RV-VSMPE-20,1,30,0,1,0,0,0,1,,
RV-VSMPE-20,1,40,1,1,1,0,0,3,,
RV-VSMPE-20,1,50,1,1,0,0,1,3,,
RV-VSMPE-20,1,60,0,1,0,1,0,2,,
RV-VSMPE-20,1,70,1,1,0,0,1,3,,
RV-VSMPE-20,1,76.5,0,1,0,0,1,2,,
RV-VSMPE-19,1,0,0,1,1,0,1,3,1.771428571,
RV-VSMPE-19,1,10,0,0,0,0,0,0,,
RV-VSMPE-19,1,20,0,1,0,1,1,3,,
RV-VSMPE-19,1,30,0,1,0,1,0,2,,
RV-VSMPE-19,1,40,0,1,0,0,1,2,,
RV-VSMPE-19,1,50,0,0,0,1,1,2,,
RV-VSMPE-19,1,60,0,1,0,1,0,2,,
RV-VSMPE-19,1,70,0,1,0,0,0,1,,
RV-VSMPE-19,1,80,0,1,0,0,1,2,,
RV-VSMPE-19,1,90,0,1,0,0,0,1,,
RV-VSMPE-19,1,100,1,0,0,0,0,1,,
RV-VSMPE-19,1,110,0,0,0,0,0,0,,
RV-VSMPE-19,1,120,0,1,0,1,1,3,,
RV-VSMPE-19,1,130,0,0,0,0,0,0,,
RV-VSMPE-19,1,140,0,0,0,0,1,1,,
RV-VSMPE-19,1,150,0,0,0,1,0,1,,
RV-VSMPE-19,1,160,0,1,0,0,1,2,,
RV-VSMPE-19,1,170,0,1,0,1,0,2,,
RV-VSMPE-19,1,180,1,1,0,1,1,4,,
RV-VSMPE-19,1,190,0,1,0,0,1,2,,
RV-VSMPE-19,1,200,0,1,0,1,1,3,,
RV-VSMPE-19,1,210,1,1,0,0,1,3,,
RV-VSMPE-19,1,220,0,1,0,1,1,3,,
RV-VSMPE-19,1,230,0,1,0,0,1,2,,
RV-VSMPE-19,1,240,0,1,0,0,1,2,,
RV-VSMPE-19,1,250,0,1,0,0,1,2,,
RV-VSMPE-19,1,260,0,1,0,0,1,2,,
RV-VSMPE-19,1,270,0,1,1,0,1,3,,
RV-VSMPE-19,1,280,0,1,0,1,0,2,,
RV-VSMPE-19,1,290,0,1,0,0,1,2,,
RV-VSMPE-19,1,300,0,0,0,0,0,0,,
RV-VSMPE-19,1,310,0,0,0,0,1,1,,
RV-VSMPE-19,1,320,0,0,0,0,1,1,,
RV-VSMPE-19,1,330,0,0,0,0,1,1,,
RV-VSMPE-19,1,334.2,0,0,0,0,1,1,,
RV-VSMPE-17,1,0,0,0,0,1,1,2,2.576923077,
RV-VSMPE-17,1,10,1,1,0,1,1,4,,
RV-VSMPE-17,1,20,0,1,0,1,0,2,,
RV-VSMPE-17,1,30,1,1,0,0,1,3,,
RV-VSMPE-17,1,40,1,1,0,0,1,3,,
RV-VSMPE-17,1,50,1,0,0,1,1,3,,
RV-VSMPE-17,1,60,0,1,0,0,0,1,,
RV-VSMPE-17,1,70,0,1,0,0,1,2,,
RV-VSMPE-17,1,80,0,1,0,0,0,1,,
RV-VSMPE-17,1,90,1,0,0,0,1,2,,
RV-VSMPE-17,1,100,0,1,0,1,1,3,,
RV-VSMPE-17,1,110,1,1,1,1,1,5,,
RV-VSMPE-17,1,120,1,0,1,1,0,3,,
RV-VSMPE-17,1,130,0,1,1,1,0,3,,
RV-VSMPE-17,1,140,0,1,1,0,1,3,,
RV-VSMPE-17,1,150,0,1,1,0,0,2,,
RV-VSMPE-17,1,160,0,1,1,1,0,3,,
RV-VSMPE-17,1,170,0,1,0,0,0,1,,
RV-VSMPE-17,1,180,0,1,0,0,0,1,,
RV-VSMPE-17,1,190,1,1,1,0,1,4,,
RV-VSMPE-17,1,200,1,0,0,0,1,2,,
RV-VSMPE-17,1,210,1,1,1,0,1,4,,
RV-VSMPE-17,1,220,0,0,0,0,0,0,,
RV-VSMPE-17,1,230,1,1,1,0,1,4,,
RV-VSMPE-17,1,240,1,0,1,0,1,3,,
RV-VSMPE-17,1,248.6,1,1,0,0,1,3,,
RV-VSMPE-13,1,0,0,1,0,0,1,2,1.782608696,
RV-VSMPE-13,1,10,0,1,0,0,0,1,,
RV-VSMPE-13,1,20,0,0,0,0,1,1,,
RV-VSMPE-13,1,30,0,0,0,1,1,2,,
RV-VSMPE-13,1,40,0,1,0,0,0,1,,
RV-VSMPE-13,1,50,0,1,0,1,0,2,,
RV-VSMPE-13,1,55.8,1,0,0,1,0,2,,
RV-VSMPE-13,2,0,1,0,0,0,1,2,,
RV-VSMPE-13,2,10,0,1,0,0,1,2,,
RV-VSMPE-13,2,20,0,1,0,0,0,1,,
RV-VSMPE-13,2,30,0,1,0,0,0,1,,
RV-VSMPE-13,2,40,0,1,0,0,0,1,,
RV-VSMPE-13,2,50,0,1,0,1,0,2,,
RV-VSMPE-13,2,60,0,1,1,0,0,2,,
RV-VSMPE-13,2,70,1,1,1,0,1,4,,
RV-VSMPE-13,2,80,1,1,1,0,1,4,,
RV-VSMPE-13,2,82,0,0,0,1,1,2,,
RV-VSMPE-13,3,0,0,1,0,0,0,1,,
RV-VSMPE-13,3,10,0,0,0,1,1,2,,
RV-VSMPE-13,3,20,0,0,0,1,1,2,,
RV-VSMPE-13,3,30,1,1,0,0,0,2,,
RV-VSMPE-13,3,40,0,0,0,0,0,0,,
RV-VSMPE-13,3,50,1,1,0,0,0,2,,
RV-VSMPE-16,1,0,0,0,0,0,0,0,2.074074074,
RV-VSMPE-16,1,10,0,1,0,0,0,1,,
RV-VSMPE-16,1,20,0,1,0,0,0,1,,
RV-VSMPE-16,1,30,1,1,1,0,0,3,,
RV-VSMPE-16,1,40,0,1,1,1,0,3,,
RV-VSMPE-16,1,50,0,1,0,1,1,3,,
RV-VSMPE-16,1,60,1,1,0,0,0,2,,
RV-VSMPE-16,1,70,0,1,1,1,0,3,,
RV-VSMPE-16,1,80,0,0,0,1,0,1,,
RV-VSMPE-16,1,90,0,1,0,0,0,1,,
RV-VSMPE-16,1,100,1,0,1,0,1,3,,
RV-VSMPE-16,1,110,0,0,0,0,0,0,,
RV-VSMPE-16,1,120,0,0,0,1,1,2,,
RV-VSMPE-16,1,130,0,0,1,1,0,2,,
RV-VSMPE-16,1,140,1,0,0,1,0,2,,
RV-VSMPE-16,1,150,0,1,0,0,1,2,,
RV-VSMPE-16,1,160,0,1,1,0,1,3,,
RV-VSMPE-16,1,170,0,1,1,0,1,3,,
RV-VSMPE-16,1,180,0,1,1,0,1,3,,
RV-VSMPE-16,1,190,1,1,1,0,0,3,,
RV-VSMPE-16,1,200,1,1,0,0,1,3,,
RV-VSMPE-16,1,210,1,1,0,0,0,2,,
RV-VSMPE-16,1,220,0,1,1,0,1,3,,
RV-VSMPE-16,1,230,0,1,0,1,0,2,,
RV-VSMPE-16,1,240,0,1,0,1,0,2,,
RV-VSMPE-16,1,250,0,1,1,0,0,2,,
RV-VSMPE-16,1,255,0,1,0,0,0,1,,
RV-VSMPE-12,1,0,0,1,0,0,1,2,0.8148148148,
RV-VSMPE-12,1,10,0,1,0,0,0,1,,
RV-VSMPE-12,1,20,0,1,1,0,0,2,,
RV-VSMPE-12,1,30,0,0,0,0,0,0,,
RV-VSMPE-12,1,40,0,0,0,0,0,0,,
RV-VSMPE-12,1,50,0,1,0,0,0,1,,
RV-VSMPE-12,1,59,0,1,0,0,0,1,,
RV-VSMPE-12,2,0,0,1,1,0,0,2,,
RV-VSMPE-12,2,10,0,1,1,0,0,2,,
RV-VSMPE-12,2,20,0,1,1,0,0,2,,
RV-VSMPE-12,2,30,1,1,0,0,0,2,,
RV-VSMPE-12,2,40,0,1,0,0,1,2,,
RV-VSMPE-12,2,50,0,1,0,0,1,2,,
RV-VSMPE-12,2,60,0,1,0,1,0,2,,
RV-VSMPE-12,2,70,0,1,0,0,0,1,,
RV-VSMPE-12,2,80,0,0,0,0,0,0,,
RV-VSMPE-12,2,90,0,0,0,0,0,0,,
RV-VSMPE-12,2,100,0,0,0,0,0,0,,
RV-VSMPE-12,2,110,0,0,0,0,0,0,,
RV-VSMPE-12,2,120,0,0,0,0,0,0,,
RV-VSMPE-12,2,123,0,0,0,0,0,0,,
RV-VSMPE-12,3,0,0,0,0,0,0,0,,
RV-VSMPE-12,3,10,0,0,0,0,0,0,,
RV-VSMPE-12,3,20,0,0,0,0,0,0,,
RV-VSMPE-12,3,30,0,0,0,0,0,0,,
RV-VSMPE-12,3,40,0,0,0,0,0,0,,
RV-VSMPE-12,3,50,0,0,0,0,0,0,,
RV-VSMPE-12,3,56.5,0,1,0,0,0,1,,
RV-VSMPE-14,1,0,1,0,0,1,1,3,1.666666667,
RV-VSMPE-14,1,10,0,0,0,1,0,1,,
RV-VSMPE-14,1,20,0,0,1,1,0,2,,
RV-VSMPE-14,1,30,0,1,0,0,1,2,,
RV-VSMPE-14,1,40,0,0,0,0,0,0,,
RV-VSMPE-14,1,50,0,1,0,0,1,2,,
RV-VSMPE-11,1,0,1,1,1,0,0,3,1.375,
RV-VSMPE-11,1,10,1,1,0,1,1,4,,
RV-VSMPE-11,1,20,1,1,0,1,1,4,,
RV-VSMPE-11,1,30,1,1,0,0,0,2,,
RV-VSMPE-11,2,0,1,0,0,0,0,1,,
RV-VSMPE-11,2,10,0,1,0,0,0,1,,
RV-VSMPE-11,2,20,0,0,0,1,0,1,,
RV-VSMPE-11,2,30,0,0,0,1,0,1,,
RV-VSMPE-11,2,40,0,1,0,0,0,1,,
RV-VSMPE-11,2,50,0,1,0,0,0,1,,
RV-VSMPE-11,2,60,0,0,0,0,0,0,,
RV-VSMPE-11,2,70,0,1,1,0,0,2,,
RV-VSMPE-11,2,80,0,1,0,0,0,1,,
RV-VSMPE-11,2,90,0,0,1,0,1,2,,
RV-VSMPE-11,2,100,0,0,0,0,0,0,,
RV-VSMPE-11,2,110,0,0,1,1,0,2,,
RV-VSMPE-11,2,120,0,1,0,0,0,1,,
RV-VSMPE-11,2,130,0,1,0,0,0,1,,
RV-VSMPE-11,2,140,0,0,0,0,0,0,,
RV-VSMPE-11,2,150,0,1,0,1,0,2,,
RV-VSMPE-11,2,160,0,0,0,0,0,0,,
RV-VSMPE-11,2,170,0,1,0,0,0,1,,
RV-VSMPE-11,2,190,0,0,0,0,0,0,,
RV-VSMPE-11,2,200,1,0,0,0,1,2,,
RV-VSMPE-15,1,0,0,0,0,0,1,1,1.04,
RV-VSMPE-15,1,10,0,0,0,0,0,0,,
RV-VSMPE-15,1,20,0,1,0,0,1,2,,
RV-VSMPE-15,1,30,0,1,0,0,0,1,,
RV-VSMPE-15,1,40,0,1,0,0,0,1,,
RV-VSMPE-15,1,50,0,0,0,1,0,1,,
RV-VSMPE-15,1,60,0,1,0,0,0,1,,
RV-VSMPE-15,1,70,0,0,0,0,0,0,,
RV-VSMPE-15,1,80,0,0,1,0,0,1,,
RV-VSMPE-15,1,90,0,0,0,0,0,0,,
RV-VSMPE-15,1,100,0,1,0,0,0,1,,
RV-VSMPE-15,1,110,0,1,0,1,0,2,,
RV-VSMPE-15,1,120,0,1,1,0,0,2,,
RV-VSMPE-15,1,130,0,1,0,0,0,1,,
RV-VSMPE-15,1,140,0,1,0,0,1,2,,
RV-VSMPE-15,1,150,0,0,0,0,0,0,,
RV-VSMPE-15,1,160,0,0,0,0,0,0,,
RV-VSMPE-15,1,170,0,0,0,0,0,0,,
RV-VSMPE-15,1,180,0,0,1,0,1,2,,
RV-VSMPE-15,1,190,0,1,0,1,0,2,,
RV-VSMPE-15,1,200,1,1,0,0,0,2,,
RV-VSMPE-15,1,210,0,1,0,0,0,1,,
RV-VSMPE-15,1,220,0,1,1,0,0,2,,
RV-VSMPE-15,1,230,0,0,0,1,0,1,,
RV-VSMPE-15,1,235,0,0,0,0,0,0,,
RV-VSMPE-29,1,0,1,0,0,0,1,2,1.192307692,
RV-VSMPE-29,1,10,0,0,0,0,0,0,,
RV-VSMPE-29,1,20,0,0,0,0,0,0,,
RV-VSMPE-29,1,30,0,0,1,0,0,1,,
RV-VSMPE-29,1,40,0,0,0,0,0,0,,
RV-VSMPE-29,1,50,0,0,0,1,0,1,,
RV-VSMPE-29,2,0,0,0,0,0,0,0,,
RV-VSMPE-29,2,10,0,0,0,0,1,1,,
RV-VSMPE-29,2,20,0,0,1,1,1,3,,
RV-VSMPE-29,2,30,0,1,1,0,1,3,,
RV-VSMPE-29,2,40,0,0,1,0,1,2,,
RV-VSMPE-29,2,50,0,1,0,0,1,2,,
RV-VSMPE-29,2,60,1,1,1,0,0,3,,
RV-VSMPE-29,2,70,0,0,0,0,1,1,,
RV-VSMPE-29,2,80,0,0,0,0,0,0,,
RV-VSMPE-29,2,90,0,1,1,0,1,3,,
RV-VSMPE-29,2,100,0,0,0,1,0,1,,
RV-VSMPE-29,2,110,0,0,0,0,1,1,,
RV-VSMPE-29,2,120,0,0,0,1,0,1,,
RV-VSMPE-29,2,126.9,0,0,0,0,0,0,,
RV-VSMPE-29,3,0,1,1,0,1,1,4,,
RV-VSMPE-29,3,10,0,0,0,0,0,0,,
RV-VSMPE-29,3,20,0,0,0,0,0,0,,
RV-VSMPE-29,3,30,0,0,0,1,0,1,,
RV-VSMPE-29,3,40,0,0,0,0,1,1,,
RV-VSMPE-29,3,50,0,0,0,0,0,0,,
RV-VSMPE-38,1,0,0,1,0,0,0,1,1.28,
RV-VSMPE-38,1,10,0,1,1,0,0,2,,
RV-VSMPE-38,1,20,0,0,0,0,0,0,,
RV-VSMPE-38,1,30,0,0,0,0,0,0,,
RV-VSMPE-38,1,40,0,1,1,0,0,2,,
RV-VSMPE-38,1,50,0,1,0,0,0,1,,
RV-VSMPE-38,1,60,0,1,1,1,0,3,,
RV-VSMPE-38,1,70,0,1,1,0,0,2,,
RV-VSMPE-38,1,80,0,0,0,1,0,1,,
RV-VSMPE-38,1,90,0,0,1,1,1,3,,
RV-VSMPE-38,1,100,0,0,0,0,0,0,,
RV-VSMPE-38,1,110,0,1,1,0,0,2,,
RV-VSMPE-38,1,120,0,1,0,0,0,1,,
RV-VSMPE-38,1,130,1,0,0,0,0,1,,
RV-VSMPE-38,1,140,0,0,0,0,0,0,,
RV-VSMPE-38,1,150,0,0,0,0,0,0,,
RV-VSMPE-38,1,160,0,0,0,1,1,2,,
RV-VSMPE-38,1,170,1,0,1,0,0,2,,
RV-VSMPE-38,1,180,1,1,1,0,0,3,,
RV-VSMPE-38,1,190,0,0,1,0,1,2,,
RV-VSMPE-38,1,200,0,0,0,0,0,0,,
RV-VSMPE-38,1,210,0,1,0,0,0,1,,
RV-VSMPE-38,1,220,0,1,0,0,0,1,,
RV-VSMPE-38,1,230,0,1,0,0,0,1,,
RV-VSMPE-38,1,238,0,1,0,0,0,1,,
CON-VSMPE-1,1,0,0,1,0,0,0,1,1.1,
CON-VSMPE-1,1,10,0,1,0,0,1,2,,
CON-VSMPE-1,1,20,0,0,0,0,0,0,,
CON-VSMPE-1,1,30,0,1,0,0,0,1,,
CON-VSMPE-1,1,40,0,1,0,0,0,1,,
CON-VSMPE-1,1,47.7,1,1,0,0,0,2,,
CON-VSMPE-1,2,0,0,0,0,1,0,1,,
CON-VSMPE-1,2,10,0,1,0,1,0,2,,
CON-VSMPE-1,2,20,0,0,1,0,0,1,,
CON-VSMPE-1,2,30,0,1,0,0,0,1,,
CON-VSMPE-1,2,40,0,1,0,0,0,1,,
CON-VSMPE-1,2,50,0,1,0,1,0,2,,
CON-VSMPE-1,2,60,0,0,0,0,0,0,,
CON-VSMPE-1,2,70,0,1,0,0,0,1,,
CON-VSMPE-1,3,0,0,0,0,0,0,0,,
CON-VSMPE-1,3,10,0,0,0,0,0,0,,
CON-VSMPE-1,3,20,0,0,1,0,0,1,,
CON-VSMPE-1,3,30,1,1,0,0,1,3,,
CON-VSMPE-1,3,40,0,1,0,0,0,1,,
CON-VSMPE-1,3,49,0,1,0,0,0,1,,
CON-VSMPE-2,1,0,0,1,0,0,0,1,1.459459459,
CON-VSMPE-2,1,10,1,1,0,0,0,2,,
CON-VSMPE-2,1,20,0,0,0,0,0,0,,
CON-VSMPE-2,1,30,0,0,0,0,0,0,,
CON-VSMPE-2,1,40,0,0,0,0,0,0,,
CON-VSMPE-2,1,46,0,0,0,0,0,0,,
CON-VSMPE-2,2,0,0,1,0,0,1,2,,
CON-VSMPE-2,2,10,0,1,1,0,0,2,,
CON-VSMPE-2,2,20,1,0,1,0,0,2,,
CON-VSMPE-2,2,30,0,1,0,1,1,3,,
CON-VSMPE-2,2,40,0,1,0,0,1,2,,
CON-VSMPE-2,2,50,0,1,0,0,0,1,,
CON-VSMPE-2,2,60,0,1,0,1,1,3,,
CON-VSMPE-2,2,70,1,0,1,0,1,3,,
CON-VSMPE-2,2,80,0,1,1,0,0,2,,
CON-VSMPE-2,2,90,0,1,1,0,0,2,,
CON-VSMPE-2,2,100,0,1,1,0,1,3,,
CON-VSMPE-2,2,110,0,1,0,0,0,1,,
CON-VSMPE-2,2,120,0,1,1,0,1,3,,
CON-VSMPE-2,2,130,0,1,0,0,0,1,,
CON-VSMPE-2,2,140,0,1,0,0,0,1,,
CON-VSMPE-2,2,150,0,0,0,1,1,2,,
CON-VSMPE-2,2,160,0,1,0,1,0,2,,
CON-VSMPE-2,2,170,0,1,1,0,1,3,,
CON-VSMPE-2,2,180,0,0,0,0,0,0,,
CON-VSMPE-2,2,190,0,0,1,0,1,2,,
CON-VSMPE-2,2,200,0,0,1,0,1,2,,
CON-VSMPE-2,2,210,0,1,1,0,1,3,,
CON-VSMPE-2,2,220,0,0,0,0,0,0,,
CON-VSMPE-2,2,230,0,1,0,0,0,1,,
CON-VSMPE-2,2,234.5,0,1,0,0,0,1,,
CON-VSMPE-2,3,0,0,1,0,0,0,1,,
CON-VSMPE-2,3,10,0,0,0,0,0,0,,
CON-VSMPE-2,3,20,0,1,0,0,0,1,,
CON-VSMPE-2,3,30,0,0,1,0,0,1,,
CON-VSMPE-2,3,40,0,0,0,0,0,0,,
CON-VSMPE-2,3,48,1,0,0,0,0,1,,
CON-VSMPE-3,1,0,0,1,0,1,0,2,1.730769231,
CON-VSMPE-3,1,10,0,0,0,1,0,1,,
CON-VSMPE-3,1,20,0,0,0,0,0,0,,
CON-VSMPE-3,1,30,1,0,0,0,1,2,,
CON-VSMPE-3,1,40,1,1,1,0,0,3,,
CON-VSMPE-3,1,50,0,0,1,0,1,2,,
CON-VSMPE-3,1,60,0,0,0,0,1,1,,
CON-VSMPE-3,1,70,0,0,1,1,0,2,,
CON-VSMPE-3,1,80,0,1,1,0,1,3,,
CON-VSMPE-3,1,90,0,1,1,0,1,3,,
CON-VSMPE-3,1,100,1,1,1,0,1,4,,
CON-VSMPE-3,1,110,1,1,1,0,0,3,,
CON-VSMPE-3,1,120,1,1,1,0,0,3,,
CON-VSMPE-3,1,130,0,1,0,0,0,1,,
CON-VSMPE-3,1,140,0,0,1,0,1,2,,
CON-VSMPE-3,1,150,0,0,0,0,1,1,,
CON-VSMPE-3,1,160,0,1,0,1,1,3,,
CON-VSMPE-3,1,170,0,1,1,0,0,2,,
CON-VSMPE-3,1,180,0,1,0,0,1,2,,
CON-VSMPE-3,1,190,0,1,0,0,0,1,,
CON-VSMPE-3,1,200,0,0,0,0,0,0,,
CON-VSMPE-3,1,203.5,0,0,0,0,1,1,,
CON-VSMPE-3,2,0,0,0,1,0,1,2,,
CON-VSMPE-3,2,10,0,0,0,0,0,0,,
CON-VSMPE-3,2,20,0,0,0,0,0,0,,
CON-VSMPE-3,2,26,0,0,0,0,1,1,,
CON-VSMPE-9,1,0,0,0,1,0,1,2,1.529411765,
CON-VSMPE-9,1,10,0,0,0,0,1,1,,
CON-VSMPE-9,1,20,0,0,0,0,1,1,,
CON-VSMPE-9,1,30,0,1,0,0,1,2,,
CON-VSMPE-9,1,40,0,1,0,0,1,2,,
CON-VSMPE-9,1,50,1,1,0,0,0,2,,
CON-VSMPE-9,1,60,1,1,0,0,1,3,,
CON-VSMPE-9,1,70,0,0,0,0,1,1,,
CON-VSMPE-9,1,80,0,1,1,0,1,3,,
CON-VSMPE-9,1,90,0,0,0,0,1,1,,
CON-VSMPE-9,1,100,0,0,1,0,1,2,,
CON-VSMPE-9,1,110,0,1,0,0,1,2,,
CON-VSMPE-9,1,120,0,0,0,0,1,1,,
CON-VSMPE-9,1,130,0,1,0,0,0,1,,
CON-VSMPE-9,1,140,0,1,0,0,0,1,,
CON-VSMPE-9,1,150,0,0,0,0,0,0,,
CON-VSMPE-9,1,157.9,0,0,0,0,1,1,,
CON-VSMPE-5,1,0,0,0,0,0,0,0,1.16,
CON-VSMPE-5,1,10,0,0,0,0,1,1,,
CON-VSMPE-5,1,20,0,0,0,0,1,1,,
CON-VSMPE-5,1,30,0,1,1,1,0,3,,
CON-VSMPE-5,1,40,0,0,0,0,0,0,,
CON-VSMPE-5,1,50,0,0,0,1,1,2,,
CON-VSMPE-5,1,60,0,0,0,0,1,1,,
CON-VSMPE-5,1,70,0,0,0,0,1,1,,
CON-VSMPE-5,1,80,0,1,0,0,1,2,,
CON-VSMPE-5,1,90,0,1,1,0,1,3,,
CON-VSMPE-5,1,100,0,0,1,0,1,2,,
CON-VSMPE-5,1,110,0,0,0,0,0,0,,
CON-VSMPE-5,1,120,0,0,0,0,1,1,,
CON-VSMPE-5,1,130,0,0,1,0,1,2,,
CON-VSMPE-5,1,140,0,0,0,0,0,0,,
CON-VSMPE-5,1,150,0,0,0,0,0,0,,
CON-VSMPE-5,1,160,0,0,0,0,0,0,,
CON-VSMPE-5,1,170,0,0,1,0,1,2,,
CON-VSMPE-5,1,180,0,0,1,0,0,1,,
CON-VSMPE-5,1,190,0,1,0,0,0,1,,
CON-VSMPE-5,1,200,0,0,0,0,0,0,,
CON-VSMPE-5,1,210,0,0,0,1,0,1,,
CON-VSMPE-5,1,220,1,0,0,0,1,2,,
CON-VSMPE-5,1,230,0,0,0,0,1,1,,
CON-VSMPE-5,1,236.6,1,0,0,0,1,2,,
CON-VSMPE-7,1,0,0,0,0,0,0,0,1.142857143,
CON-VSMPE-7,1,10,0,0,0,1,1,2,,
CON-VSMPE-7,1,20,0,0,0,0,1,1,,
CON-VSMPE-7,1,30,0,0,0,0,1,1,,
CON-VSMPE-7,1,40,0,0,0,0,1,1,,
CON-VSMPE-7,1,50,0,0,0,0,1,1,,
CON-VSMPE-7,1,60,0,1,0,0,1,2,,
CON-VSMPE-7,1,70,0,1,0,0,1,2,,
CON-VSMPE-7,1,80,0,0,0,0,1,1,,
CON-VSMPE-7,1,90,0,0,0,0,0,0,,
CON-VSMPE-7,1,100,0,1,1,0,0,2,,
CON-VSMPE-7,1,110,0,1,0,0,1,2,,
CON-VSMPE-7,1,116.3,0,1,0,0,1,2,,
CON-VSMPE-7,2,0,0,0,0,1,1,2,,
CON-VSMPE-7,2,10,0,1,0,0,0,1,,
CON-VSMPE-7,2,20,0,1,0,0,0,1,,
CON-VSMPE-7,2,23.9,0,1,0,0,0,1,,
CON-VSMPE-7,3,0,1,1,0,0,0,2,,
CON-VSMPE-7,3,10,0,0,0,0,0,0,,
CON-VSMPE-7,3,20,0,0,0,0,0,0,,
CON-VSMPE-7,3,24.5,0,0,0,0,0,0,,
RV-VSMPE-32,1,0,0,0,0,0,0,0,1.44,
RV-VSMPE-32,1,10,1,1,0,0,0,2,,
RV-VSMPE-32,1,20,0,0,0,0,0,0,,
RV-VSMPE-32,1,30,0,0,0,0,0,0,,
RV-VSMPE-32,1,40,0,0,0,1,0,1,,
RV-VSMPE-32,1,50,0,0,0,0,1,1,,
RV-VSMPE-32,1,60,0,0,0,0,0,0,,
RV-VSMPE-32,1,70,1,1,0,0,0,2,,
RV-VSMPE-32,1,80,0,1,0,0,1,2,,
RV-VSMPE-32,1,90,0,1,0,0,0,1,,
RV-VSMPE-32,1,100,0,1,0,1,0,2,,
RV-VSMPE-32,1,110,0,1,0,0,1,2,,
RV-VSMPE-32,1,120,0,1,1,0,1,3,,
RV-VSMPE-32,1,130,0,1,1,0,1,3,,
RV-VSMPE-32,1,139.7,1,0,0,0,1,2,,
RV-VSMPE-32,2,0,0,0,0,1,1,2,,
RV-VSMPE-32,2,10,0,1,0,0,1,2,,
RV-VSMPE-32,2,20,0,0,1,0,1,2,,
RV-VSMPE-32,2,30,0,0,1,0,0,1,,
RV-VSMPE-32,2,37.9,0,1,0,0,0,1,,
RV-VSMPE-32,3,0,0,0,1,0,0,1,,
RV-VSMPE-32,3,10,0,1,1,0,0,2,,
RV-VSMPE-32,3,20,0,1,0,0,0,1,,
RV-VSMPE-32,3,30,0,1,0,0,1,2,,
RV-VSMPE-32,3,33.6,0,0,0,0,1,1,,
CON-VSMPE-8,1,0,0,0,0,0,1,1,1,
CON-VSMPE-8,1,10,0,0,0,0,0,0,,
CON-VSMPE-8,1,20,0,1,0,0,0,1,,
CON-VSMPE-8,1,30,0,1,0,0,0,1,,
CON-VSMPE-8,1,40,0,0,0,0,0,0,,
CON-VSMPE-8,1,50,1,0,0,0,0,1,,
CON-VSMPE-8,1,60,0,1,1,0,0,2,,
CON-VSMPE-8,1,70,0,0,0,0,0,0,,
CON-VSMPE-8,1,80,0,1,0,0,0,1,,
CON-VSMPE-8,1,90,1,0,0,0,0,1,,
CON-VSMPE-8,1,100,0,1,0,0,0,1,,
CON-VSMPE-8,1,110,0,1,1,0,0,2,,
CON-VSMPE-8,1,120,0,1,0,0,0,1,,
CON-VSMPE-8,1,130,0,0,1,0,0,1,,
CON-VSMPE-8,1,132.5,0,1,0,0,1,2,,
RV-VSMPE-24,1,0,0,0,0,0,0,0,1.322580645,
RV-VSMPE-24,1,10,0,0,0,0,0,0,,
RV-VSMPE-24,1,20,0,0,0,0,0,0,,
RV-VSMPE-24,1,30,0,0,0,0,0,0,,
RV-VSMPE-24,1,40,0,0,0,0,1,1,,
RV-VSMPE-24,1,50,1,1,0,0,0,2,,
RV-VSMPE-24,1,60,0,0,1,0,0,1,,
RV-VSMPE-24,1,70,0,0,0,0,0,0,,
RV-VSMPE-24,1,80,0,0,0,1,0,1,,
RV-VSMPE-24,1,90,0,0,0,0,0,0,,
RV-VSMPE-24,1,100,0,1,1,0,1,3,,
RV-VSMPE-24,1,110,0,0,1,0,0,1,,
RV-VSMPE-24,1,120,0,0,0,1,1,2,,
RV-VSMPE-24,1,130,0,0,0,1,1,2,,
RV-VSMPE-24,1,140,0,1,1,0,1,3,,
RV-VSMPE-24,1,150,0,0,1,1,1,3,,
RV-VSMPE-24,1,160,0,0,1,0,0,1,,
RV-VSMPE-24,1,170,1,1,0,0,0,2,,
RV-VSMPE-24,1,180,1,1,1,1,0,4,,
RV-VSMPE-24,1,190,0,0,0,1,1,2,,
RV-VSMPE-24,1,200,0,0,0,1,1,2,,
RV-VSMPE-24,1,210,1,1,0,0,0,2,,
RV-VSMPE-24,1,220,0,0,1,0,1,2,,
RV-VSMPE-24,1,230,0,1,0,1,0,2,,
RV-VSMPE-24,1,240,0,0,0,0,0,0,,
RV-VSMPE-24,1,250,0,0,0,1,0,1,,
RV-VSMPE-24,1,260,0,0,0,0,0,0,,
RV-VSMPE-24,1,270,0,1,0,0,0,1,,
RV-VSMPE-24,1,280,0,0,0,1,1,2,,
RV-VSMPE-24,1,290,0,1,0,0,0,1,,
RV-VSMPE-24,1,294,0,0,0,0,0,0,,
CON-VSMPE-6,1,0,0,1,0,0,1,2,2.375,
CON-VSMPE-6,1,10,0,1,1,0,1,3,,
CON-VSMPE-6,1,20,0,1,0,1,0,2,,
CON-VSMPE-6,1,30,0,1,1,0,1,3,,
CON-VSMPE-6,1,34.5,0,1,0,0,1,2,,
CON-VSMPE-6,2,0,0,1,1,1,0,3,,
CON-VSMPE-6,2,10,0,1,1,1,1,4,,
CON-VSMPE-6,2,20,0,1,1,0,0,2,,
CON-VSMPE-6,2,30,0,1,1,0,1,3,,
CON-VSMPE-6,2,40,0,1,1,1,1,4,,
CON-VSMPE-6,2,50,0,1,1,1,0,3,,
CON-VSMPE-6,2,60,1,1,1,0,0,3,,
CON-VSMPE-6,2,70,0,1,0,1,1,3,,
CON-VSMPE-6,2,80,0,1,0,1,0,2,,
CON-VSMPE-6,2,90,1,1,0,0,1,3,,
CON-VSMPE-6,2,100,0,1,0,0,1,2,,
CON-VSMPE-6,2,110,0,1,1,0,1,3,,
CON-VSMPE-6,2,120,0,1,1,0,0,2,,
CON-VSMPE-6,2,130,0,1,0,1,0,2,,
CON-VSMPE-6,2,137.6,0,1,0,0,0,1,,
CON-VSMPE-6,3,0,0,0,0,0,1,1,,
CON-VSMPE-6,3,10,0,1,0,0,0,1,,
CON-VSMPE-6,3,20,0,1,0,0,0,1,,
CON-VSMPE-6,3,30,0,1,0,0,1,2,,
CON-VSMPE-4,1,0,0,0,0,0,1,1,1.111111111,
CON-VSMPE-4,1,10,0,1,0,0,0,1,,
CON-VSMPE-4,1,20,0,1,0,0,0,1,,
CON-VSMPE-4,1,30,0,0,1,1,0,2,,
CON-VSMPE-4,1,40,0,0,0,0,1,1,,
CON-VSMPE-4,1,50,0,0,0,0,0,0,,
CON-VSMPE-4,1,60,0,1,0,0,0,1,,
CON-VSMPE-4,1,70,0,1,0,0,1,2,,
CON-VSMPE-4,1,75,0,1,0,0,0,1,,
CON-VSMPE-5,1,0,1,1,0,1,1,4,1.181818182,
CON-VSMPE-5,1,10,0,1,0,0,1,2,,
CON-VSMPE-5,1,20,1,,0,0,1,2,,
CON-VSMPE-5,1,30,0,1,0,0,1,2,,
CON-VSMPE-5,1,40,0,1,0,0,1,2,,
CON-VSMPE-5,1,50,1,,0,0,1,2,,
CON-VSMPE-5,1,52.6,0,1,0,0,1,2,,
CON-VSMPE-5,2,0,0,0,0,0,1,1,,
CON-VSMPE-5,2,10,0,0,0,0,0,0,,
CON-VSMPE-5,2,20,0,0,0,1,0,1,,
CON-VSMPE-5,2,30,0,0,0,1,0,1,,
CON-VSMPE-5,2,40,0,0,0,0,0,0,,
CON-VSMPE-5,2,50,0,0,0,0,0,0,,
CON-VSMPE-5,2,60,0,0,0,0,0,0,,
CON-VSMPE-5,2,70,0,0,1,0,0,1,,
CON-VSMPE-5,2,80,0,0,1,0,1,2,,
CON-VSMPE-5,2,90,0,0,1,1,0,2,,
CON-VSMPE-5,2,100,0,0,0,0,0,0,,
CON-VSMPE-5,2,110,0,0,1,1,0,2,,
CON-VSMPE-5,2,120,0,0,0,0,0,0,,
CON-VSMPE-5,2,130,0,0,0,0,0,0,,
CON-VSMPE-5,2,140,0,0,0,0,0,0,,
CON-VSMPE-10,1,0,0,0,0,0,0,0,1.32,
CON-VSMPE-10,1,10,0,0,0,0,1,1,,
CON-VSMPE-10,1,20,0,0,0,0,1,1,,
CON-VSMPE-10,1,30,0,1,1,0,0,2,,
CON-VSMPE-10,1,40,0,0,0,0,0,0,,
CON-VSMPE-10,1,50,1,1,0,0,1,3,,
CON-VSMPE-10,1,60,0,1,0,0,1,2,,
CON-VSMPE-10,1,70,0,0,1,0,1,2,,
CON-VSMPE-10,1,80,0,1,0,0,1,2,,
CON-VSMPE-10,1,90,0,0,1,0,1,2,,
CON-VSMPE-10,1,100,0,0,0,0,1,1,,
CON-VSMPE-10,1,110,0,1,0,0,0,1,,
CON-VSMPE-10,1,120,0,1,1,0,1,3,,
CON-VSMPE-10,1,130,0,1,1,0,1,3,,
CON-VSMPE-10,1,140,0,0,0,1,0,1,,
CON-VSMPE-10,1,150,0,0,0,0,0,0,,
CON-VSMPE-10,1,160,0,0,0,0,0,0,,
CON-VSMPE-10,1,170,0,0,1,0,0,1,,
CON-VSMPE-10,1,180,0,1,1,0,0,2,,
CON-VSMPE-10,1,190,0,0,0,0,0,0,,
CON-VSMPE-10,1,200,0,0,0,0,0,0,,
CON-VSMPE-10,1,210,0,1,0,0,0,1,,
CON-VSMPE-10,1,220,1,1,0,0,1,3,,
CON-VSMPE-10,1,230,0,1,0,0,0,1,,
CON-VSMPE-10,1,237,1,0,0,0,0,1,,
CON-TR-3,1,0,1,0,0,0,0,1,,
CON-TR-3,1,10,1,0,0,0,0,1,,
CON-TR-3,1,20,1,0,0,0,0,1,,
CON-TR-3,1,30,1,0,0,0,1,2,,
CON-TR-3,1,40,1,0,0,0,1,2,,
CON-TR-3,1,50,0,1,0,1,0,2,,
CON-TR-3,1,60,1,0,0,1,1,3,,
CON-TR-3,1,65,1,0,0,1,1,3,,
CON-TR-3,2,0,0,0,0,0,0,0,,
CON-TR-3,2,10,1,0,0,0,0,1,,
CON-TR-3,2,20,1,1,0,0,0,2,,
CON-TR-3,2,30,0,1,0,0,0,1,,
CON-TR-3,2,40,0,1,0,0,1,2,,
CON-TR-3,2,50,1,1,0,0,0,2,,
CON-TR-3,2,60,1,0,0,0,1,2,,
CON-TR-3,2,70,1,0,0,0,1,2,,
CON-TR-3,2,80,1,0,0,0,0,1,,
CON-TR-3,2,89.5,0,0,0,0,0,0,,
CON-TR-3,3,0,0,1,0,0,0,1,,
CON-TR-3,3,10,0,1,0,0,0,1,,
CON-TR-3,3,20,0,1,1,0,1,3,,
CON-TR-3,3,30,1,0,0,0,1,2,,
CON-TR-3,3,40,0,0,0,0,1,1,,
CON-TR-3,3,50,1,0,0,0,1,2,,
CON-TR-3,3,60,1,0,0,0,1,2,,
CON-TR-3,3,74,1,0,0,0,1,2,,
RV-TR-5,1,0,1,0,0,0,0,1,,
RV-TR-5,1,10,1,0,0,0,0,1,,
RV-TR-5,1,20,1,1,1,0,0,3,,
RV-TR-5,1,30,1,1,1,0,1,4,,
RV-TR-5,1,40,1,1,1,0,1,4,,
RV-TR-5,1,50,1,0,0,0,0,1,,
RV-TR-5,2,0,1,0,0,0,0,1,,
RV-TR-5,2,10,1,0,0,0,1,2,,
RV-TR-5,2,20,1,1,0,0,1,3,,
RV-TR-5,2,30,1,1,0,0,1,3,,
RV-TR-5,2,40,1,1,0,0,1,3,,
RV-TR-5,2,50,1,0,0,0,1,2,,
RV-TR-5,3,0,1,0,0,0,1,2,,
RV-TR-5,3,10,1,0,0,1,1,3,,
RV-TR-5,3,20,1,0,0,0,0,1,,
RV-TR-5,3,30,1,0,0,0,1,2,,
RV-TR-5,3,33,1,0,0,0,1,2,,
CON-TR-7,1,0,1,0,0,0,0,1,,0
CON-TR-7,1,10,0,0,0,0,0,0,,0
CON-TR-7,1,20,0,0,0,0,1,1,,0
CON-TR-7,1,30,1,0,0,0,1,2,,0
CON-TR-7,1,40,0,0,0,0,0,0,,0
CON-TR-7,1,50,0,0,0,0,0,0,,0
CON-TR-7,1,60,0,0,0,0,0,0,,0
CON-TR-7,1,70,1,0,0,0,0,1,,0
CON-TR-7,1,80,1,0,0,0,0,1,,0
CON-TR-7,1,90,0,0,0,0,0,0,,0
CON-TR-7,1,100,0,0,0,0,0,0,,0
CON-TR-7,1,110,1,0,0,0,0,1,,
CON-TR-7,1,120,0,0,0,0,0,0,,
CON-TR-7,1,130,1,0,0,0,0,1,,
RV-TR-9,1,0,1,1,0,1,0,3,,
RV-TR-9,1,10,1,0,1,0,0,2,,
RV-TR-9,1,20,1,0,0,0,0,1,,
RV-TR-9,1,30,1,0,0,0,0,1,,
RV-TR-9,1,40,1,0,0,0,0,1,,
RV-TR-9,1,50,1,0,0,0,0,1,,
RV-TR-9,1,60,1,1,0,0,0,2,,
RV-TR-9,1,70,1,1,0,0,0,2,,
RV-TR-9,1,80,1,0,0,0,0,1,,
RV-TR-9,1,90,1,0,0,0,0,1,,
CON-TR-11,1,0,0,0,0,0,0,0,,
CON-TR-11,1,10,0,0,0,0,0,0,,
CON-TR-11,1,20,0,0,0,0,0,0,,
CON-TR-11,1,30,0,0,0,0,1,1,,
CON-TR-11,1,40,0,0,0,1,0,1,,
CON-TR-11,1,50,0,0,0,0,1,1,,
CON-TR-11,1,60,0,0,0,0,0,0,,
CON-TR-11,1,70,1,0,0,0,0,1,,
CON-TR-11,1,76,0,0,0,0,0,0,,
RV-TR-8,1,0,1,0,0,0,0,1,,
RV-TR-8,1,10,0,0,0,0,0,0,,
RV-TR-8,1,20,0,0,0,0,0,0,,
RV-TR-8,1,30,0,1,0,0,0,1,,
RV-TR-8,1,40,1,0,0,0,0,1,,
RV-TR-8,1,50,1,0,0,0,0,1,,
RV-TR-8,1,60,0,0,0,0,0,0,,
RV-TR-8,1,70,1,1,0,0,1,2,,
RV-TR-8,1,78.5,0,1,0,0,0,1,,
RV-TR-8,2,0,1,0,0,0,0,1,,
RV-TR-8,2,10,1,0,0,0,0,1,,
RV-TR-8,2,20,0,0,0,0,0,0,,
RV-TR-8,2,30,0,0,0,0,0,0,,
RV-TR-8,2,40,0,0,0,0,0,0,,
RV-TR-8,2,50,0,0,0,0,0,0,,
RV-TR-8,2,59.5,0,0,0,0,1,1,,
CON-TR-4,1,0,1,0,0,0,0,2,,
CON-TR-4,1,10,1,0,1,0,0,2,,
CON-TR-4,1,20,1,0,0,0,0,2,,
CON-TR-4,1,30,1,0,0,0,0,2,,
CON-TR-4,1,40,1,0,0,0,0,2,,
CON-TR-4,1,50,1,0,0,0,0,2,,
CON-TR-4,1,60,1,0,0,0,0,2,,
CON-TR-4,1,70,1,0,0,0,0,2,,
CON-TR-4,1,80,1,0,0,0,0,1,,
CON-TR-4,1,89,1,0,0,0,0,1,,
RV-TR-12,1,0,1,0,0,0,0,1,,
RV-TR-12,1,10,1,0,0,1,0,2,,
RV-TR-12,1,20,1,0,0,0,0,1,,
RV-TR-12,1,30,1,0,0,0,0,1,,
RV-TR-12,1,40,1,0,0,0,0,1,,
RV-TR-12,1,50,1,0,0,0,0,1,,
RV-TR-12,1,60,1,0,0,0,0,1,,
RV-TR-12,1,70,1,0,0,0,0,1,,
RV-TR-12,1,80,1,0,1,0,0,2,,
RV-TR-12,1,90,1,0,0,1,0,2,,
RV-TR-12,1,92,1,0,0,1,0,2,,
CON-TR-12,1,0,0,0,0,0,0,0,,
CON-TR-12,1,10,0,0,0,0,0,0,,
CON-TR-12,1,20,1,0,1,0,0,2,,
CON-TR-12,1,30,1,0,0,0,0,1,,
CON-TR-12,1,40,1,0,0,0,0,1,,
CON-TR-12,1,50,1,0,0,0,0,1,,
CON-TR-12,1,60,1,0,0,0,0,1,,
CON-TR-12,1,70,0,0,0,0,0,0,,
RV-TR-11,1,0,1,1,0,0,0,2,,
RV-TR-11,1,10,1,0,0,0,0,1,,
RV-TR-11,1,20,1,0,0,0,0,1,,
RV-TR-11,1,30,1,0,0,0,0,1,,
RV-TR-11,1,40,1,0,0,0,0,1,,
RV-TR-11,1,43,1,0,0,0,0,1,,
CON-TR-6,1,0,0,1,0,0,0,1,,
CON-TR-6,1,10,0,0,0,0,0,0,,
CON-TR-6,1,20,1,1,1,0,0,3,,
CON-TR-6,1,30,0,0,0,0,0,0,,
CON-TR-6,1,40,0,0,1,0,0,1,,
CON-TR-6,1,50,1,0,1,0,0,2,,
CON-TR-6,1,60,1,0,0,0,0,1,,
CON-TR-6,1,70,1,0,0,0,0,1,,
CON-TR-6,1,80,0,0,0,0,0,0,,
CON-TR-6,1,90,0,1,1,0,0,2,,
CON-TR-6,1,100,1,0,0,0,0,1,,
CON-TR-6,1,110,0,1,1,0,0,2,,
CON-TR-6,1,120,0,1,0,0,1,2,,
CON-TR-6,1,129,0,0,0,0,0,0,,
RV-TR-13,1,0,0,0,0,1,1,2,,
RV-TR-13,1,10,1,0,0,1,1,3,,
RV-TR-13,1,20,1,0,0,0,0,1,,
RV-TR-13,1,30,1,0,0,0,0,1,,
RV-TR-13,1,40,1,0,0,0,0,1,,
RV-TR-13,1,50,1,1,0,0,0,2,,
RV-TR-13,1,60,1,0,0,0,0,1,,
RV-TR-13,1,70,1,0,0,0,0,1,,
RV-TR-13,1,77.5,1,0,0,0,0,1,,
CON-TR-13,1,0,0,0,0,1,1,2,,
CON-TR-13,1,10,1,0,1,0,1,3,,
CON-TR-13,1,20,0,0,0,0,0,0,,
CON-TR-13,1,25,0,1,0,0,0,1,,
RV-TR-4,1,0,1,0,0,0,0,1,,
RV-TR-4,1,10,1,0,0,0,1,2,,
RV-TR-4,1,20,1,1,1,0,0,3,,
RV-TR-4,1,30,1,1,0,0,0,2,,
RV-TR-4,1,40,1,1,0,0,1,3,,
RV-TR-4,1,50,1,1,0,1,1,4,,
RV-TR-4,1,60,1,0,0,0,0,1,,
RV-TR-4,1,70,1,0,0,0,0,1,,
RV-TR-4,1,80,1,1,1,0,0,3,,
RV-TR-4,1,90,1,0,0,0,0,1,,
RV-TR-3,1,0,1,0,0,0,1,2,,
RV-TR-3,1,10,1,0,0,0,0,1,,
RV-TR-3,1,20,1,0,0,0,0,1,,
RV-TR-3,1,30,1,0,0,0,0,1,,
RV-TR-3,1,40,1,0,0,0,0,1,,
RV-TR-3,1,43.5,1,0,0,0,0,1,,
CON-TR-8,1,0,0,1,0,0,0,1,,
CON-TR-8,1,10,1,0,0,0,0,1,,
CON-TR-8,1,20,1,0,0,0,1,2,,
CON-TR-8,1,30,1,0,0,0,1,2,,
CON-TR-8,1,40,0,1,1,0,1,3,,
CON-TR-8,1,50,1,1,1,0,0,3,,
CON-TR-8,1,60,0,1,1,1,1,4,,
CON-TR-8,1,70,1,0,1,1,1,4,,
CON-TR-8,1,80,1,0,0,0,1,2,,
CON-TR-8,1,90,0,1,0,0,0,1,,
CON-TR-8,1,100,0,1,0,1,0,2,,
CON-TR-8,1,110,0,0,0,0,0,0,,
CON-TR-8,1,120,1,0,0,0,0,1,,
CON-TR-2,1,0,1,0,0,0,1,2,,
CON-TR-2,1,10,1,0,0,0,0,1,,
CON-TR-2,1,20,1,0,0,0,0,1,,
CON-TR-2,1,30,0,0,0,1,1,2,,
CON-TR-2,1,40,0,0,0,0,1,1,,
CON-TR-2,1,50,1,0,0,0,1,2,,
CON-TR-2,1,53,1,0,0,0,1,2,,
RV-TR-2,1,0,1,0,0,1,1,3,,
RV-TR-2,1,10,1,0,0,0,1,2,,
RV-TR-2,1,20,1,0,0,0,0,1,,
RV-TR-2,1,30,0,0,0,0,0,0,,
RV-TR-2,1,40,1,0,0,0,1,2,,
RV-TR-2,1,50,1,0,0,0,0,1,,
RV-TR-2,1,60,1,0,0,0,0,1,,
RV-TR-2,2,0,1,0,0,0,1,2,,
RV-TR-2,2,10,1,1,0,0,1,3,,
RV-TR-2,2,20,1,1,0,0,1,3,,
RV-TR-2,2,30,1,1,0,0,1,3,,
RV-TR-2,2,40,1,0,0,1,1,3,,
RV-TR-2,2,50,1,1,1,1,1,5,,
RV-TR-2,2,60,1,0,0,0,1,2,,
RV-TR-2,2,70,1,0,0,1,0,2,,
RV-TR-2,2,80,1,1,0,1,1,4,,
RV-TR-2,2,90,1,0,0,0,0,1,,
RV-TR-2,2,92,1,0,0,0,0,1,,
RV-TR-1,1,0,1,0,0,0,0,1,,
RV-TR-1,1,10,1,0,0,0,0,1,,
RV-TR-1,1,20,1,1,0,0,1,3,,
RV-TR-1,1,30,0,0,0,0,0,0,,
RV-TR-1,1,40,1,0,0,0,1,2,,
RV-TR-1,1,50,1,0,0,0,1,2,,
RV-TR-1,1,60,1,0,0,0,1,2,,
RV-TR-1,1,67.5,1,0,0,0,0,1,,
RV-TR-1,2,0,1,1,0,0,1,3,,
RV-TR-1,2,10,1,0,0,1,1,3,,
RV-TR-1,2,20,1,1,1,1,1,5,,
RV-TR-1,2,30,1,1,0,0,0,2,,
RV-TR-1,2,40,1,0,0,0,1,2,,
RV-TR-1,2,50,1,1,0,0,1,3,,
RV-TR-1,2,60,1,0,0,0,1,2,,
RV-TR-1,2,70,1,1,0,0,1,3,,
RV-TR-1,2,80,1,1,0,0,1,3,,
RV-TR-1,2,87,1,0,0,0,1,2,,
CON-TR-1,1,0,0,0,1,0,1,2,,
CON-TR-1,1,10,0,0,0,1,1,2,,
CON-TR-1,1,20,1,0,0,0,1,2,,
CON-TR-1,1,30,1,0,0,0,0,1,,
CON-TR-1,1,40,0,0,0,0,0,0,,
CON-TR-1,1,50,1,0,0,0,0,1,,
CON-TR-1,1,58,1,0,0,0,0,1,,
CON-TR-9,1,0,1,0,0,0,0,1,,
CON-TR-9,1,10,0,0,0,0,0,0,,
CON-TR-9,1,20,0,0,0,0,0,0,,
CON-TR-9,1,30,1,0,0,0,0,1,,
CON-TR-9,1,40,1,0,0,0,0,1,,
CON-TR-9,1,50,1,1,0,1,1,4,,
CON-TR-9,1,60,1,0,0,0,0,1,,
CON-TR-9,1,70,1,1,0,0,0,2,,
CON-TR-9,1,80,0,0,0,0,0,0,,
CON-TR-9,1,90,0,0,0,0,0,0,,
CON-TR-9,1,100,1,0,0,0,0,1,,
CON-TR-9,1,103.5,1,0,0,0,0,1,,
CON-TR-5,1,0,0,1,0,0,0,1,,
CON-TR-5,1,10,1,1,0,0,0,2,,
CON-TR-5,1,20,0,0,0,0,0,0,,
CON-TR-5,1,30,1,1,0,0,1,3,,
CON-TR-5,1,40,0,0,0,0,0,0,,
CON-TR-5,1,50,0,0,0,0,0,0,,
CON-TR-5,1,59,0,0,0,1,1,2,,
CON-TR-5,2,0,0,1,0,0,1,2,,
CON-TR-5,2,10,1,1,0,0,1,3,,
CON-TR-5,2,20,0,0,0,0,0,0,,
CON-TR-5,2,30,0,0,0,0,0,0,,
CON-TR-5,2,40,0,0,0,0,0,0,,
CON-TR-5,2,50,0,0,0,0,0,0,,
CON-TR-5,2,60,0,0,0,0,0,0,,
CON-TR-5,2,70,0,1,0,0,0,0,,
CON-TR-5,2,75.5,0,0,0,0,0,0,,
RV-TR-7,1,0,1,1,0,0,0,2,,
RV-TR-7,1,10,1,1,0,0,0,2,,
RV-TR-7,1,20,1,0,0,0,0,1,,
RV-TR-7,1,30,1,0,0,0,0,1,,
RV-TR-7,1,40,1,0,0,0,0,1,,
RV-TR-7,1,50,1,0,0,0,1,2,,
RV-TR-7,1,60,1,1,0,0,0,2,,
RV-TR-7,1,70,1,0,0,0,0,1,,
RV-TR-7,1,80,1,1,0,0,0,2,,
RV-TR-7,1,90,1,0,0,1,1,3,,
RV-TR-7,1,100,1,0,0,1,1,3,,
RV-TR-7,1,107,1,1,0,0,1,3,,
RV-TR-6,1,0,1,0,0,0,0,1,,
RV-TR-6,1,10,1,0,0,0,0,1,,
RV-TR-6,1,20,1,1,0,0,0,2,,
RV-TR-6,1,30,1,0,0,0,0,1,,
RV-TR-6,1,40,1,1,0,0,0,2,,
RV-TR-6,1,50,1,0,0,0,1,2,,
RV-TR-6,1,60,1,0,0,0,0,1,,
RV-TR-6,1,70,1,0,1,0,0,2,,
RV-TR-6,1,80,1,0,0,0,0,1,,
RV-TR-6,1,90,1,0,0,0,0,1,,
RV-TR-6,1,100,1,0,0,0,0,1,,
RV-TR-10,1,0,1,0,0,0,0,1,,
RV-TR-10,1,10,1,1,0,0,0,2,,
RV-TR-10,1,20,1,1,0,1,1,4,,
RV-TR-10,1,30,1,0,0,0,0,1,,
RV-TR-10,1,40,1,1,0,0,0,2,,
RV-TR-10,1,50,1,1,0,0,0,2,,
RV-TR-10,2,0,1,0,0,0,0,1,,
RV-TR-10,2,10,1,1,0,0,0,2,,
RV-TR-10,2,20,1,1,0,1,1,4,,
RV-TR-10,2,30,1,0,0,0,0,1,,
RV-TR-10,2,40,1,1,0,0,0,2,,
RV-TR-10,2,50,1,1,0,0,0,2,,
RV-TR-10,2,60,1,0,1,0,0,2,,
RV-TR-10,2,70,1,0,0,0,0,1,,
RV-TR-10,2,80,1,1,0,0,1,3,,
RV-TR-10,2,90,1,1,1,0,0,3,,
RV-TR-10,2,100,1,1,0,0,1,3,,
RV-TR-10,2,110,1,0,0,0,1,2,,
RV-TR-10,2,120,1,0,0,0,0,1,,
RV-TR-10,2,130,1,0,0,0,0,1,,
RV-TR-10,2,137,1,0,0,0,0,1,,
CON-TR-10,1,0,0,0,0,0,0,0,,
CON-TR-10,1,10,0,1,0,0,0,1,,
CON-TR-10,1,20,1,0,0,0,0,1,,
CON-TR-10,1,30,0,0,0,0,0,0,,
CON-TR-10,1,40,0,0,0,0,0,0,,
CON-TR-10,1,48.5,0,0,0,0,0,0,,
CON-TR-10,2,0,0,1,0,0,0,1,,
CON-TR-10,2,10,0,1,0,1,0,2,,
CON-TR-10,2,20,0,0,0,0,0,0,,
CON-TR-10,2,30,1,1,0,0,0,2,,
CON-TR-10,2,40,0,1,0,0,1,2,,
CON-TR-10,2,50,0,1,0,1,1,3,,
CON-TR-10,2,60,0,1,1,0,1,3,,
CON-TR-10,2,70,1,0,1,0,0,2,,
CON-TR-10,2,80,0,0,1,0,1,2,,
CON-TR-10,2,90,1,1,0,0,0,2,,
CON-TR-10,2,100,0,0,0,0,1,1,,
CON-TR-10,2,110,0,0,0,0,1,1,,
CON-TR-10,2,120,0,0,0,0,1,1,,
CON-TR-10,2,130,0,0,0,0,0,0,,
CON-TR-10,2,136.5,0,0,0,0,0,0,,
